word	pos	meaning	example	exampleVi	imageKey
invoice	n.	hóa đơn	Please attach the invoice to your email.	Vui lòng đính kèm hóa đơn vào email của bạn.	invoice
applicant	n.	ứng viên	Each applicant must submit a résumé by Friday.	Mỗi ứng viên phải nộp sơ yếu lý lịch trước thứ Sáu.	applicant
deadline	n.	hạn chót	The deadline for the report is next Monday.	Hạn chót nộp báo cáo là thứ Hai tuần sau.	deadline
conference	n.	hội nghị	She will speak at an international conference in May.	Cô ấy sẽ phát biểu tại một hội nghị quốc tế vào tháng Năm.	conference
shipment	n.	lô hàng	The shipment will arrive at the warehouse tomorrow.	Lô hàng sẽ đến kho vào ngày mai.	shipment
budget	n.	ngân sách	We need to reduce the marketing budget this quarter.	Chúng ta cần cắt giảm ngân sách marketing quý này.	budget
employee	n.	nhân viên	Every employee receives a complimentary lunch on Fridays.	Mỗi nhân viên được ăn trưa miễn phí vào thứ Sáu.	employee
reservation	n.	đặt chỗ	I made a reservation at the hotel near headquarters.	Tôi đã đặt phòng tại khách sạn gần trụ sở.	reservation
inventory	n.	hàng tồn kho	Please update the inventory before the store opens.	Vui lòng cập nhật hàng tồn kho trước khi cửa hàng mở cửa.	inventory
memo	n.	bản ghi nhớ	The manager sent a memo about the new dress code.	Quản lý đã gửi bản ghi nhớ về quy định trang phục mới.	memo
headquarters	n.	trụ sở	Our headquarters is located downtown.	Trụ sở của chúng tôi nằm ở trung tâm thành phố.	headquarters
itinerary	n.	lịch trình	The travel itinerary includes two client meetings.	Lịch trình chuyến đi gồm hai cuộc họp với khách hàng.	itinerary
occupancy	n.	tỷ lệ lấp đầy	Hotel occupancy increased during the conference.	Tỷ lệ lấp đầy khách sạn tăng trong thời gian hội nghị.	occupancy
complimentary	adj.	miễn phí (tặng kèm)	Guests receive a complimentary breakfast each morning.	Khách được dùng bữa sáng miễn phí mỗi sáng.	complimentary
authorize	v.	ủy quyền / cho phép	Only the director can authorize this payment.	Chỉ giám đốc mới được ủy quyền khoản thanh toán này.	authorize
brochure	n.	tờ rơi / brochure	Please take a brochure from the reception desk.	Xin hãy lấy một tờ brochure ở quầy lễ tân.	brochure
receipt	n.	biên lai	Keep the receipt in case you need a refund.	Hãy giữ biên lai phòng khi bạn cần hoàn tiền.	invoice
expense	n.	chi phí	Travel expenses must be reported by Friday.	Chi phí đi lại phải được báo cáo trước thứ Sáu.	invoice
revenue	n.	doanh thu	Online sales increased the company's revenue.	Bán hàng trực tuyến làm tăng doanh thu của công ty.	invoice
profit	n.	lợi nhuận	The store made a small profit last month.	Cửa hàng có lợi nhuận nhỏ vào tháng trước.	invoice
loss	n.	thua lỗ	The factory reported a loss after the storm.	Nhà máy báo lỗ sau cơn bão.	invoice
deduct	v.	khấu trừ	The company will deduct tax from your paycheck.	Công ty sẽ khấu trừ thuế từ phiếu lương của bạn.	invoice
refund	n.	hoàn tiền	Customers may request a refund within 14 days.	Khách có thể yêu cầu hoàn tiền trong vòng 14 ngày.	invoice
overdue	adj.	quá hạn	This invoice is overdue and must be paid today.	Hóa đơn này đã quá hạn và phải thanh toán hôm nay.	invoice
quotation	n.	báo giá	Please send a quotation for 200 office chairs.	Vui lòng gửi báo giá cho 200 ghế văn phòng.	invoice
estimate	n.	ước tính	The repair estimate is higher than we expected.	Ước tính chi phí sửa chữa cao hơn chúng tôi nghĩ.	invoice
transaction	n.	giao dịch	Each transaction is recorded in the accounting system.	Mỗi giao dịch được ghi vào hệ thống kế toán.	invoice
fee	n.	phí	There is a small fee for late registration.	Có một khoản phí nhỏ nếu đăng ký muộn.	invoice
charge	n.	khoản thu phí	The hotel added a service charge to the bill.	Khách sạn cộng phí dịch vụ vào hóa đơn.	invoice
discount	n.	giảm giá	Members receive a 10 percent discount on all items.	Thành viên được giảm 10 phần trăm cho mọi mặt hàng.	invoice
reimbursement	n.	hoàn trả chi phí	Submit your tickets to receive reimbursement.	Nộp vé của bạn để được hoàn trả chi phí.	invoice
accountant	n.	kế toán	The accountant will review the annual report.	Kế toán sẽ rà soát báo cáo thường niên.	invoice
audit	n.	kiểm toán	An external audit will begin next Monday.	Một cuộc kiểm toán độc lập sẽ bắt đầu vào thứ Hai tuần sau.	invoice
fiscal	adj.	thuộc tài khóa	The fiscal year ends on December 31.	Năm tài khóa kết thúc vào ngày 31 tháng 12.	invoice
tax	n.	thuế	Sales tax is included in the listed price.	Thuế bán hàng đã được tính trong giá niêm yết.	invoice
tariff	n.	thuế quan	The new tariff will raise the cost of imported steel.	Thuế quan mới sẽ làm tăng giá thép nhập khẩu.	invoice
ledger	n.	sổ cái	Please enter this payment in the ledger.	Vui lòng ghi khoản thanh toán này vào sổ cái.	invoice
payable	adj.	phải trả	All invoices are payable within 30 days.	Mọi hóa đơn phải được thanh toán trong 30 ngày.	invoice
receivable	n.	khoản phải thu	Accounts receivable rose after the holiday season.	Khoản phải thu tăng sau mùa lễ.	invoice
statement	n.	sao kê	Your monthly bank statement arrives by email.	Sao kê ngân hàng hàng tháng được gửi qua email.	invoice
balance	n.	số dư	The account balance is lower than last week.	Số dư tài khoản thấp hơn tuần trước.	budget
deposit	n.	tiền đặt cọc	A deposit of 50 dollars holds the meeting room.	Khoản đặt cọc 50 đô la giữ chỗ phòng họp.	budget
withdraw	v.	rút tiền	You can withdraw cash from any partner bank.	Bạn có thể rút tiền mặt tại bất kỳ ngân hàng đối tác nào.	budget
interest	n.	lãi suất	The loan carries a low interest rate.	Khoản vay có lãi suất thấp.	budget
loan	n.	khoản vay	The bank approved a loan for new equipment.	Ngân hàng đã duyệt khoản vay để mua thiết bị mới.	budget
mortgage	n.	khoản thế chấp nhà	They applied for a mortgage on the new office.	Họ nộp hồ sơ thế chấp cho văn phòng mới.	budget
dividend	n.	cổ tức	Shareholders will receive a dividend in June.	Cổ đông sẽ nhận cổ tức vào tháng Sáu.	budget
capital	n.	vốn	The startup needs more capital to expand.	Công ty khởi nghiệp cần thêm vốn để mở rộng.	budget
investment	n.	khoản đầu tư	This investment should grow over five years.	Khoản đầu tư này sẽ tăng trong năm năm.	budget
shareholder	n.	cổ đông	Each shareholder will vote at the annual meeting.	Mỗi cổ đông sẽ bỏ phiếu tại cuộc họp thường niên.	budget
stock	n.	cổ phiếu	Company stock rose after the product launch.	Cổ phiếu công ty tăng sau khi ra mắt sản phẩm.	budget
bond	n.	trái phiếu	The city issued a bond to repair the bridge.	Thành phố phát hành trái phiếu để sửa cầu.	budget
merger	n.	sáp nhập	The merger of the two banks will take six months.	Việc sáp nhập hai ngân hàng sẽ mất sáu tháng.	budget
acquisition	n.	thâu tóm / mua lại	The acquisition added three factories to the group.	Thương vụ mua lại bổ sung ba nhà máy cho tập đoàn.	budget
asset	n.	tài sản	The warehouse is the company's largest asset.	Kho hàng là tài sản lớn nhất của công ty.	budget
liability	n.	nợ phải trả	Long-term liability appears on the balance sheet.	Nợ dài hạn xuất hiện trên bảng cân đối kế toán.	budget
equity	n.	vốn chủ sở hữu	Owners' equity increased after the profitable year.	Vốn chủ sở hữu tăng sau năm có lãi.	budget
payroll	n.	bảng lương	Payroll is processed every other Friday.	Bảng lương được xử lý vào thứ Sáu cách tuần.	budget
pension	n.	lương hưu	Employees join the pension plan after one year.	Nhân viên tham gia quỹ lương hưu sau một năm.	budget
compensation	n.	thù lao	Total compensation includes salary and health insurance.	Tổng thù lao gồm lương và bảo hiểm y tế.	budget
bonus	n.	tiền thưởng	The sales team earned a year-end bonus.	Nhóm bán hàng nhận thưởng cuối năm.	budget
allowance	n.	trợ cấp	Staff receive a monthly travel allowance.	Nhân viên nhận trợ cấp đi lại hàng tháng.	budget
subsidy	n.	trợ cấp (nhà nước)	The factory received a subsidy for cleaner energy.	Nhà máy nhận trợ cấp cho năng lượng sạch hơn.	budget
grant	n.	khoản tài trợ	The city awarded a grant for job training.	Thành phố cấp khoản tài trợ cho đào tạo việc làm.	budget
fund	n.	quỹ	The emergency fund covers unexpected repairs.	Quỹ khẩn cấp chi cho các sửa chữa bất ngờ.	budget
surplus	n.	thặng dư	The department ended the year with a surplus.	Phòng ban kết thúc năm với thặng dư.	budget
deficit	n.	thâm hụt	A budget deficit forced the city to cut overtime.	Thâm hụt ngân sách buộc thành phố cắt giờ làm thêm.	budget
bankrupt	adj.	phá sản	The airline went bankrupt after fuel prices rose.	Hãng hàng không phá sản sau khi giá nhiên liệu tăng.	budget
lucrative	adj.	sinh lợi	Online courses became a lucrative side business.	Khóa học trực tuyến trở thành việc phụ sinh lợi.	budget
economical	adj.	tiết kiệm	This printer is more economical than the old model.	Máy in này tiết kiệm hơn mẫu cũ.	budget
affordable	adj.	vừa túi tiền	The hotel offers affordable rooms near the airport.	Khách sạn có phòng vừa túi tiền gần sân bay.	budget
costly	adj.	tốn kém	A delayed shipment can be a costly mistake.	Lô hàng chậm có thể là sai lầm tốn kém.	budget
currency	n.	tiền tệ	Please pay in local currency at the front desk.	Vui lòng thanh toán bằng tiền địa phương tại quầy lễ tân.	budget
exchange	n.	tỷ giá / đổi tiền	The exchange rate is posted in the lobby.	Tỷ giá được niêm yết ở sảnh.	budget
wholesale	adj.	bán sỉ	Wholesale prices are lower than retail prices.	Giá sỉ thấp hơn giá bán lẻ.	budget
retail	n.	bán lẻ	Retail sales usually rise in December.	Doanh số bán lẻ thường tăng vào tháng 12.	budget
bargain	n.	món hời	This printer is a bargain at the sale price.	Máy in này là món hời với giá khuyến mãi.	budget
quarterly	adj.	hàng quý	Managers submit a quarterly sales report.	Quản lý nộp báo cáo doanh số hàng quý.	budget
annually	adv.	hàng năm	The safety course is required annually.	Khóa an toàn phải học hàng năm.	deadline
postpone	v.	hoãn	We will postpone the meeting until Thursday.	Chúng tôi sẽ hoãn cuộc họp đến thứ Năm.	deadline
expire	v.	hết hạn	Your membership will expire at the end of May.	Thẻ thành viên sẽ hết hạn vào cuối tháng Năm.	deadline
extend	v.	gia hạn / kéo dài	The client asked us to extend the contract.	Khách hàng nhờ chúng tôi gia hạn hợp đồng.	deadline
renew	v.	gia hạn lại	Please renew your parking permit before Friday.	Vui lòng gia hạn thẻ gửi xe trước thứ Sáu.	deadline
schedule	n.	lịch	The train schedule is posted at the station.	Lịch tàu được dán tại ga.	deadline
promptly	adv.	ngay lập tức / đúng giờ	Please reply promptly to the client's email.	Vui lòng trả lời email khách hàng ngay.	deadline
immediately	adv.	ngay lập tức	Call the supervisor immediately if a machine stops.	Gọi quản sát ngay nếu máy dừng.	deadline
currently	adv.	hiện nay	The position is currently open to internal staff.	Vị trí hiện đang mở cho nhân viên nội bộ.	deadline
recently	adv.	gần đây	The company recently opened a branch in Da Nang.	Công ty gần đây mở chi nhánh ở Đà Nẵng.	deadline
duration	n.	thời lượng	The workshop has a duration of three hours.	Hội thảo kéo dài ba giờ.	deadline
period	n.	giai đoạn	The trial period lasts 30 days.	Giai đoạn dùng thử kéo dài 30 ngày.	deadline
extension	n.	sự gia hạn	We were given a two-week extension on the report.	Chúng tôi được gia hạn báo cáo thêm hai tuần.	deadline
adjourn	v.	tạm nghỉ (cuộc họp)	The chair voted to adjourn the meeting at noon.	Chủ tọa biểu quyết tạm nghỉ cuộc họp lúc trưa.	deadline
urgent	adj.	khẩn cấp	This is an urgent request from the legal team.	Đây là yêu cầu khẩn từ nhóm pháp chế.	deadline
timely	adj.	đúng lúc	Timely delivery keeps our customers satisfied.	Giao hàng đúng lúc giúp khách hài lòng.	deadline
tentative	adj.	tạm thời / chưa chốt	Friday is a tentative date for the launch.	Thứ Sáu là ngày dự kiến cho buổi ra mắt.	deadline
shortly	adv.	chẳng bao lâu nữa	The next bus will arrive shortly.	Chuyến xe buýt tiếp theo sẽ đến chẳng bao lâu nữa.	deadline
meanwhile	adv.	trong lúc đó	Meanwhile, please wait in the lobby.	Trong lúc đó, vui lòng chờ ở sảnh.	deadline
resume	n.	sơ yếu lý lịch	Please attach your résumé to the application form.	Vui lòng đính kèm sơ yếu lý lịch vào đơn ứng tuyển.	applicant
interview	n.	phỏng vấn	Her interview is scheduled for 9 a.m. tomorrow.	Buổi phỏng vấn của cô ấy lúc 9 giờ sáng mai.	applicant
recruit	v.	tuyển dụng	The firm will recruit five engineers this spring.	Công ty sẽ tuyển năm kỹ sư vào mùa xuân này.	applicant
hire	v.	thuê / tuyển	We hope to hire a receptionist next week.	Chúng tôi hy vọng tuyển lễ tân vào tuần tới.	applicant
resign	v.	từ chức	He will resign from the board in March.	Ông ấy sẽ từ chức khỏi hội đồng vào tháng Ba.	applicant
retire	v.	nghỉ hưu	She plans to retire after 30 years at the bank.	Cô ấy định nghỉ hưu sau 30 năm làm ở ngân hàng.	applicant
promote	v.	thăng chức	The company will promote two supervisors in June.	Công ty sẽ thăng chức hai quản sát vào tháng Sáu.	applicant
intern	n.	thực tập sinh	The intern is learning how to file invoices.	Thực tập sinh đang học cách lưu hóa đơn.	applicant
trainee	n.	nhân viên tập sự	Each trainee shadows a senior technician.	Mỗi nhân viên tập sự theo kèm một kỹ thuật viên kỳ cựu.	applicant
vacancy	n.	vị trí trống	There is a vacancy in the accounting department.	Có một vị trí trống ở phòng kế toán.	applicant
qualification	n.	bằng cấp / năng lực	This job requires a qualification in accounting.	Công việc này yêu cầu bằng kế toán.	applicant
reference	n.	người tham chiếu	Please provide two professional references.	Vui lòng cung cấp hai người tham chiếu nghề nghiệp.	applicant
recommendation	n.	thư giới thiệu	Her manager wrote a strong recommendation.	Quản lý của cô ấy viết thư giới thiệu tốt.	applicant
orientation	n.	hướng dẫn nhập việc	New staff attend orientation on Monday morning.	Nhân viên mới tham gia hướng dẫn nhập việc sáng thứ Hai.	applicant
probation	n.	thử việc	The probation period lasts three months.	Thời gian thử việc kéo dài ba tháng.	applicant
evaluate	v.	đánh giá	Supervisors evaluate performance twice a year.	Quản sát đánh giá hiệu suất hai lần mỗi năm.	applicant
appraisal	n.	đánh giá nhân sự	Your annual appraisal is on Thursday.	Buổi đánh giá năm của bạn vào thứ Năm.	applicant
candidate	n.	ứng cử viên	The strongest candidate has hotel experience.	Ứng viên mạnh nhất có kinh nghiệm khách sạn.	applicant
credential	n.	chứng chỉ / giấy tờ năng lực	Please bring a copy of your teaching credential.	Vui lòng mang bản sao chứng chỉ giảng dạy.	applicant
supervisor	n.	người giám sát	Ask your supervisor before changing the shift.	Hãy hỏi người giám sát trước khi đổi ca.	employee
colleague	n.	đồng nghiệp	Please copy your colleague on the email.	Vui lòng gửi kèm đồng nghiệp vào email.	employee
personnel	n.	nhân sự	All personnel must wear a badge in the factory.	Mọi nhân sự phải đeo thẻ trong nhà máy.	employee
staff	n.	nhân viên (tập thể)	The hotel staff were polite and efficient.	Nhân viên khách sạn lịch sự và làm việc nhanh.	employee
workforce	n.	lực lượng lao động	The workforce grew after the new plant opened.	Lực lượng lao động tăng sau khi nhà máy mới mở.	employee
occupation	n.	nghề nghiệp	Please state your occupation on the form.	Vui lòng ghi nghề nghiệp trên mẫu đơn.	employee
career	n.	sự nghiệp	She built a career in international sales.	Cô ấy gây dựng sự nghiệp trong bán hàng quốc tế.	employee
salary	n.	lương tháng	The starting salary is listed in the offer letter.	Mức lương khởi điểm được ghi trong thư mời nhận việc.	employee
wage	n.	tiền công	Hourly wages increase after six months.	Tiền công theo giờ tăng sau sáu tháng.	employee
overtime	n.	giờ làm thêm	Overtime must be approved by a manager.	Giờ làm thêm phải được quản lý phê duyệt.	employee
shift	n.	ca làm	The night shift begins at 10 p.m.	Ca đêm bắt đầu lúc 10 giờ tối.	employee
commute	v.	đi làm (đi về)	Many staff commute by train from the suburbs.	Nhiều nhân viên đi làm bằng tàu từ ngoại ô.	employee
layoff	n.	sa thải hàng loạt	The factory announced a layoff of 40 workers.	Nhà máy thông báo sa thải 40 công nhân.	employee
downsize	v.	tinh giản biên chế	The office will downsize after the merger.	Văn phòng sẽ tinh giản biên chế sau sáp nhập.	employee
union	n.	công đoàn	The union will vote on the new contract.	Công đoàn sẽ bỏ phiếu về hợp đồng mới.	employee
benefit	n.	phúc lợi	Health benefits begin on the first day of work.	Phúc lợi y tế bắt đầu từ ngày làm việc đầu tiên.	employee
insurance	n.	bảo hiểm	Travel insurance is included with the ticket.	Bảo hiểm du lịch đã gồm trong vé.	employee
teamwork	n.	làm việc nhóm	Good teamwork helped us finish before the deadline.	Làm việc nhóm tốt giúp chúng tôi xong trước hạn.	employee
collaboration	n.	hợp tác	The project requires collaboration between two teams.	Dự án cần sự hợp tác giữa hai nhóm.	employee
delegate	v.	ủy thác công việc	Managers should delegate routine tasks.	Quản lý nên ủy thác các việc thường ngày.	employee
assign	v.	giao việc	The lead will assign rooms to each guest.	Trưởng nhóm sẽ giao phòng cho từng khách.	employee
transfer	v.	điều chuyển	She asked to transfer to the Seoul office.	Cô ấy xin điều chuyển sang văn phòng Seoul.	employee
dismiss	v.	sa thải	The firm may dismiss staff who break safety rules.	Công ty có thể sa thải người vi phạm quy định an toàn.	employee
agenda	n.	chương trình nghị sự	The agenda lists three items for discussion.	Chương trình nghị sự liệt kê ba mục cần thảo luận.	conference
minutes	n.	biên bản cuộc họp	Please email the minutes after the meeting.	Vui lòng gửi biên bản sau cuộc họp.	conference
attend	v.	tham dự	All managers must attend the safety briefing.	Mọi quản lý phải tham dự buổi phổ biến an toàn.	conference
participant	n.	người tham dự	Each participant will receive a name badge.	Mỗi người tham dự sẽ nhận thẻ tên.	conference
presenter	n.	người thuyết trình	The presenter will answer questions at the end.	Người thuyết trình sẽ trả lời câu hỏi lúc cuối.	conference
seminar	n.	hội thảo chuyên đề	The tax seminar is open to small business owners.	Hội thảo thuế mở cho chủ doanh nghiệp nhỏ.	conference
workshop	n.	buổi tập huấn	The design workshop lasts all afternoon.	Buổi tập huấn thiết kế kéo dài cả buổi chiều.	conference
convention	n.	đại hội / hội nghị ngành	The travel convention draws thousands of buyers.	Hội nghị du lịch thu hút hàng nghìn người mua.	conference
exhibition	n.	triển lãm	The furniture exhibition opens on Tuesday.	Triển lãm nội thất mở cửa vào thứ Ba.	conference
booth	n.	gian hàng	Our booth is next to the main entrance.	Gian hàng của chúng tôi cạnh cửa chính.	conference
announcement	n.	thông báo	The announcement about the delay was posted online.	Thông báo về sự chậm trễ được đăng trực tuyến.	conference
propose	v.	đề xuất	I propose that we hire a second receptionist.	Tôi đề xuất chúng ta thuê thêm một lễ tân.	conference
suggest	v.	gợi ý	The consultant suggested a shorter meeting.	Tư vấn viên gợi ý cuộc họp ngắn hơn.	conference
recommend	v.	khuyên dùng / giới thiệu	We recommend booking a table in advance.	Chúng tôi khuyên nên đặt bàn trước.	conference
approve	v.	phê duyệt	The director must approve all travel requests.	Giám đốc phải phê duyệt mọi đề nghị đi công tác.	conference
reject	v.	từ chối	The committee rejected the first design.	Ủy ban đã từ chối thiết kế đầu tiên.	conference
decline	v.	từ chối (lịch sự)	She declined the invitation because of a conflict.	Cô ấy từ chối lời mời vì trùng lịch.	conference
accept	v.	chấp nhận	Please accept our apology for the late delivery.	Xin hãy chấp nhận lời xin lỗi về việc giao hàng muộn.	conference
consider	v.	cân nhắc	We will consider your offer this week.	Chúng tôi sẽ cân nhắc đề nghị của bạn trong tuần này.	conference
review	v.	xem xét lại	Please review the contract before you sign.	Vui lòng xem xét hợp đồng trước khi ký.	conference
revise	v.	sửa lại	The writer will revise the brochure tonight.	Người viết sẽ sửa lại tờ brochure tối nay.	conference
amend	v.	sửa đổi (văn bản)	The board voted to amend the policy.	Hội đồng biểu quyết sửa đổi chính sách.	conference
draft	n.	bản nháp	The first draft of the report is ready.	Bản nháp đầu của báo cáo đã xong.	conference
submit	v.	nộp	Please submit your timesheet by 5 p.m.	Vui lòng nộp bảng chấm công trước 5 giờ chiều.	conference
lecture	n.	bài giảng	The guest lecture begins at 2 p.m.	Bài giảng khách mời bắt đầu lúc 2 giờ chiều.	conference
facilitate	v.	điều phối / tạo điều kiện	A trained host will facilitate the discussion.	Người dẫn đã được đào tạo sẽ điều phối thảo luận.	conference
correspondence	n.	thư từ	Please keep all client correspondence in this folder.	Vui lòng lưu mọi thư từ khách hàng trong thư mục này.	memo
enclose	v.	đính kèm (trong thư)	We enclose a copy of the signed contract.	Chúng tôi đính kèm bản hợp đồng đã ký.	memo
attach	v.	đính kèm (file)	Please attach the spreadsheet to your reply.	Vui lòng đính kèm bảng tính vào thư trả lời.	memo
forward	v.	chuyển tiếp	Forward the complaint to the customer service team.	Chuyển tiếp khiếu nại đến nhóm chăm sóc khách hàng.	memo
reply	v.	trả lời	I will reply to the vendor this afternoon.	Tôi sẽ trả lời nhà cung cấp chiều nay.	memo
inquire	v.	hỏi thông tin	Call this number to inquire about vacancies.	Gọi số này để hỏi về vị trí trống.	memo
confirm	v.	xác nhận	Please confirm your attendance by Wednesday.	Vui lòng xác nhận tham dự trước thứ Tư.	memo
notify	v.	thông báo cho	We will notify you when the package ships.	Chúng tôi sẽ thông báo khi kiện hàng được gửi.	memo
remind	v.	nhắc	This email is to remind you of tomorrow's call.	Email này để nhắc bạn về cuộc gọi ngày mai.	memo
request	v.	yêu cầu	Guests may request a late checkout.	Khách có thể yêu cầu trả phòng muộn.	memo
require	v.	đòi hỏi	This position requires two years of experience.	Vị trí này đòi hỏi hai năm kinh nghiệm.	memo
document	n.	tài liệu	Please sign the document in blue ink.	Vui lòng ký tài liệu bằng mực xanh.	memo
report	n.	báo cáo	The safety report lists three minor injuries.	Báo cáo an toàn nêu ba chấn thương nhẹ.	memo
survey	n.	khảo sát	Please complete the customer survey after checkout.	Vui lòng hoàn thành khảo sát khách hàng sau khi trả phòng.	memo
questionnaire	n.	bảng câu hỏi	The questionnaire takes about five minutes.	Bảng câu hỏi mất khoảng năm phút.	memo
statistics	n.	số liệu thống kê	The statistics show a rise in online orders.	Số liệu thống kê cho thấy đơn hàng trực tuyến tăng.	memo
chart	n.	biểu đồ	This chart compares sales in four cities.	Biểu đồ này so sánh doanh số ở bốn thành phố.	memo
graph	n.	đồ thị	The graph shows a drop in energy use.	Đồ thị cho thấy mức dùng năng lượng giảm.	memo
archive	v.	lưu trữ	Please archive last year's invoices.	Vui lòng lưu trữ hóa đơn năm ngoái.	memo
circular	n.	thông tư / thư ngỏ	A circular was sent to every department.	Một thông tư đã được gửi tới mọi phòng ban.	memo
bulletin	n.	bản tin	Check the staff bulletin for holiday hours.	Xem bản tin nhân viên để biết giờ lễ.	memo
notice	n.	thông báo niêm yết	A notice on the door lists the new hours.	Tờ thông báo trên cửa ghi giờ mới.	memo
department	n.	phòng ban	The shipping department closes at 6 p.m.	Phòng vận chuyển đóng lúc 6 giờ chiều.	headquarters
division	n.	khối / bộ phận	The electronics division moved to a new building.	Khối điện tử chuyển sang tòa nhà mới.	headquarters
branch	n.	chi nhánh	The bank will open a branch near the university.	Ngân hàng sẽ mở chi nhánh gần trường đại học.	headquarters
subsidiary	n.	công ty con	The Japanese subsidiary reports to headquarters.	Công ty con tại Nhật báo cáo về trụ sở.	headquarters
affiliate	n.	công ty liên kết	Our affiliate in Singapore handles regional sales.	Công ty liên kết ở Singapore phụ trách bán hàng khu vực.	headquarters
client	n.	khách hàng (dịch vụ)	The client asked for a revised proposal.	Khách hàng yêu cầu đề xuất đã chỉnh sửa.	headquarters
customer	n.	khách hàng (mua hàng)	Every customer receives a printed receipt.	Mỗi khách hàng nhận biên lai in.	headquarters
supplier	n.	nhà cung cấp	Our main supplier is based in Busan.	Nhà cung cấp chính của chúng tôi ở Busan.	headquarters
vendor	n.	nhà bán hàng	Please compare prices from three vendors.	Vui lòng so giá từ ba nhà bán.	headquarters
contractor	n.	nhà thầu	The contractor will finish the lobby in June.	Nhà thầu sẽ xong sảnh vào tháng Sáu.	headquarters
consultant	n.	tư vấn viên	A consultant reviewed our hiring process.	Một tư vấn viên đã rà soát quy trình tuyển dụng.	headquarters
executive	n.	giám đốc điều hành	Senior executives will attend the dinner.	Các giám đốc cấp cao sẽ dự bữa tối.	headquarters
director	n.	giám đốc	The finance director signed the budget.	Giám đốc tài chính đã ký ngân sách.	headquarters
manager	n.	quản lý	Ask the duty manager if the room is ready.	Hỏi quản lý trực ca nếu phòng đã sẵn sàng.	headquarters
assistant	n.	trợ lý	The assistant booked the flights this morning.	Trợ lý đã đặt vé máy bay sáng nay.	headquarters
secretary	n.	thư ký	The secretary keeps the meeting calendar.	Thư ký giữ lịch họp.	headquarters
clerk	n.	nhân viên văn phòng	The clerk stamped the forms at the counter.	Nhân viên đóng dấu các mẫu đơn tại quầy.	headquarters
receptionist	n.	lễ tân	The receptionist will print your visitor badge.	Lễ tân sẽ in thẻ khách cho bạn.	headquarters
cubicle	n.	vách làm việc	Her cubicle is next to the copy machine.	Vách làm việc của cô ấy cạnh máy photocopy.	headquarters
lobby	n.	sảnh	Please wait in the lobby until your name is called.	Vui lòng chờ ở sảnh đến khi được gọi tên.	headquarters
facility	n.	cơ sở / nhà xưởng	The new facility can store 2,000 pallets.	Cơ sở mới chứa được 2.000 palet.	headquarters
factory	n.	nhà máy	The factory runs two shifts on weekdays.	Nhà máy chạy hai ca vào ngày thường.	headquarters
plant	n.	nhà máy sản xuất	The chemical plant is closed for maintenance.	Nhà máy hóa chất đóng cửa để bảo trì.	headquarters
corporation	n.	tập đoàn	The corporation employs 8,000 people worldwide.	Tập đoàn thuê 8.000 người trên toàn cầu.	headquarters
enterprise	n.	doanh nghiệp	Small enterprises can apply for the grant.	Doanh nghiệp nhỏ có thể xin khoản tài trợ.	headquarters
warehouse	n.	kho hàng	The warehouse is located near the port.	Kho hàng nằm gần cảng.	shipment
cargo	n.	hàng hóa vận chuyển	The cargo was damaged during the storm.	Hàng hóa bị hư trong cơn bão.	shipment
freight	n.	cước vận tải	Freight costs rose after fuel prices increased.	Cước vận tải tăng sau khi giá nhiên liệu tăng.	shipment
packing	n.	đóng gói	Packing materials are stored in aisle B.	Vật liệu đóng gói được để ở lối B.	shipment
carton	n.	thùng carton	Each carton holds 24 bottles.	Mỗi thùng carton chứa 24 chai.	shipment
pallet	n.	palet	Please stack the boxes on a wooden pallet.	Vui lòng xếp thùng lên palet gỗ.	shipment
container	n.	container	The container will leave the port on Friday.	Container sẽ rời cảng vào thứ Sáu.	shipment
dock	n.	bến tàu / bến xe tải	Trucks must wait at dock 4 for unloading.	Xe tải phải chờ ở bến 4 để dỡ hàng.	shipment
harbor	n.	bến cảng	Fog delayed ships entering the harbor.	Sương mù làm chậm tàu vào bến cảng.	shipment
port	n.	cảng	The goods will clear customs at this port.	Hàng sẽ thông quan tại cảng này.	shipment
customs	n.	hải quan	Customs officers inspected the shipment.	Nhân viên hải quan đã kiểm tra lô hàng.	shipment
inspect	v.	kiểm tra	Technicians inspect every machine before shipping.	Kỹ thuật viên kiểm tra mọi máy trước khi gửi.	shipment
arrive	v.	đến	The overnight train will arrive at 6:40 a.m.	Chuyến tàu đêm sẽ đến lúc 6:40 sáng.	shipment
depart	v.	khởi hành	Buses depart from gate 12 every hour.	Xe buýt khởi hành từ cổng 12 mỗi giờ.	shipment
destination	n.	điểm đến	Tokyo is the final destination of this flight.	Tokyo là điểm đến cuối của chuyến bay này.	shipment
origin	n.	nơi xuất phát	The form asks for the origin of the goods.	Mẫu đơn hỏi nơi xuất phát của hàng.	shipment
route	n.	tuyến đường	This bus route stops near headquarters.	Tuyến xe buýt này dừng gần trụ sở.	shipment
carrier	n.	hãng vận chuyển	Our carrier will pick up the pallets at noon.	Hãng vận chuyển sẽ lấy palet lúc trưa.	shipment
courier	n.	chuyển phát nhanh	A courier delivered the contract this morning.	Chuyển phát nhanh đã giao hợp đồng sáng nay.	shipment
deliver	v.	giao hàng	We deliver office supplies within 24 hours.	Chúng tôi giao văn phòng phẩm trong 24 giờ.	shipment
consignment	n.	lô hàng gửi	The consignment includes spare parts and manuals.	Lô hàng gửi gồm phụ tùng và sách hướng dẫn.	shipment
tracking	n.	mã theo dõi	Use the tracking number to check delivery.	Dùng mã theo dõi để kiểm tra giao hàng.	shipment
barcode	n.	mã vạch	Scan the barcode to add the item to inventory.	Quét mã vạch để thêm mặt hàng vào tồn kho.	shipment
load	v.	chất hàng	Workers will load the truck after lunch.	Công nhân sẽ chất hàng lên xe sau bữa trưa.	shipment
unload	v.	dỡ hàng	Please unload the boxes at the back door.	Vui lòng dỡ thùng ở cửa sau.	shipment
transit	n.	trung chuyển	The package is still in transit.	Kiện hàng vẫn đang trung chuyển.	shipment
bulk	n.	hàng số lượng lớn	Rice is shipped in bulk, not in cartons.	Gạo được gửi số lượng lớn, không đóng thùng.	shipment
fragile	adj.	dễ vỡ	Mark the crate as fragile before shipping.	Ghi dễ vỡ trên thùng trước khi gửi.	shipment
perishable	adj.	dễ hỏng	Perishable food must stay in a cold truck.	Thực phẩm dễ hỏng phải để trên xe lạnh.	shipment
assemble	v.	lắp ráp	Workers assemble the chairs on the second floor.	Công nhân lắp ráp ghế ở tầng hai.	inventory
manufacture	v.	sản xuất	The plant can manufacture 500 units a day.	Nhà máy sản xuất được 500 chiếc mỗi ngày.	inventory
equipment	n.	thiết bị	Safety equipment is required in this area.	Khu vực này bắt buộc dùng thiết bị an toàn.	inventory
machinery	n.	máy móc	The machinery will be replaced next year.	Máy móc sẽ được thay vào năm tới.	inventory
defective	adj.	bị lỗi	Return any defective item within 30 days.	Trả lại mặt hàng lỗi trong vòng 30 ngày.	inventory
warranty	n.	bảo hành	The printer has a two-year warranty.	Máy in có bảo hành hai năm.	inventory
guarantee	n.	bảo đảm	The store offers a 90-day money-back guarantee.	Cửa hàng cam kết hoàn tiền trong 90 ngày.	inventory
maintenance	n.	bảo trì	The elevator is closed for maintenance.	Thang máy đóng để bảo trì.	inventory
repair	n.	sửa chữa	The repair will take two business days.	Việc sửa chữa mất hai ngày làm việc.	inventory
replace	v.	thay thế	We will replace the broken chair at no charge.	Chúng tôi sẽ thay ghế hỏng miễn phí.	inventory
recycle	v.	tái chế	Please recycle paper in the blue bin.	Vui lòng tái chế giấy ở thùng xanh.	inventory
dispose	v.	vứt bỏ	Do not dispose of batteries in regular trash.	Không vứt pin vào rác thường.	inventory
material	n.	nguyên liệu	Raw material arrived from the supplier today.	Nguyên liệu thô đến từ nhà cung cấp hôm nay.	inventory
supply	n.	nguồn cung	A shortage of supply delayed production.	Thiếu nguồn cung làm chậm sản xuất.	inventory
shortage	n.	tình trạng thiếu	There is a shortage of trained nurses.	Đang thiếu y tá được đào tạo.	inventory
handle	v.	xử lý / cầm nắm	Please handle glass bottles with care.	Vui lòng cầm chai thủy tinh cẩn thận.	inventory
spare	adj.	dự phòng	Keep a spare key at the front desk.	Giữ chìa khóa dự phòng ở quầy lễ tân.	inventory
accommodation	n.	chỗ ở	The city has limited accommodation during the festival.	Thành phố thiếu chỗ ở trong dịp lễ hội.	reservation
lodging	n.	chỗ trọ	Lodging is included in the conference fee.	Chỗ trọ đã gồm trong phí hội nghị.	reservation
suite	n.	phòng suite	The suite has a meeting table and a kitchen.	Phòng suite có bàn họp và bếp.	reservation
vacant	adj.	còn trống	Two rooms are still vacant on the third floor.	Hai phòng tầng ba vẫn còn trống.	reservation
available	adj.	còn chỗ / có sẵn	The 3 p.m. tour is no longer available.	Tour 3 giờ chiều không còn chỗ.	reservation
luggage	n.	hành lý	Please leave your luggage with the porter.	Vui lòng để hành lý cho nhân viên khuân vác.	reservation
hospitality	n.	lòng mến khách	The hotel is known for warm hospitality.	Khách sạn nổi tiếng vì lòng mến khách.	reservation
amenity	n.	tiện nghi	Each room includes a coffee amenity kit.	Mỗi phòng có bộ tiện nghi pha cà phê.	reservation
concierge	n.	nhân viên hỗ trợ khách	The concierge can book a taxi to the airport.	Nhân viên hỗ trợ có thể đặt taxi ra sân bay.	reservation
housekeeping	n.	bộ phận buồng phòng	Housekeeping will clean the room after 2 p.m.	Buồng phòng sẽ dọn phòng sau 2 giờ chiều.	reservation
banquet	n.	tiệc lớn	The awards banquet starts at 7 p.m.	Tiệc trao giải bắt đầu lúc 7 giờ tối.	reservation
catering	n.	dịch vụ ăn uống	Catering for 80 guests has already been arranged.	Dịch vụ ăn uống cho 80 khách đã được sắp xếp.	reservation
buffet	n.	tiệc buffet	Breakfast is served as a buffet until 10 a.m.	Bữa sáng buffet phục vụ đến 10 giờ sáng.	reservation
beverage	n.	đồ uống	Hot beverages are free in the waiting lounge.	Đồ uống nóng miễn phí ở phòng chờ.	complimentary
appetizer	n.	món khai vị	The chef recommends the soup as an appetizer.	Bếp trưởng gợi ý món súp làm khai vị.	complimentary
dessert	n.	món tráng miệng	Dessert is served after the main course.	Món tráng miệng được phục vụ sau món chính.	complimentary
gratuity	n.	tiền tip	An 18 percent gratuity is added for groups of six.	Nhóm từ sáu người bị cộng 18 phần trăm tiền tip.	complimentary
spacious	adj.	rộng rãi	The meeting hall is spacious enough for 200 seats.	Hội trường đủ rộng cho 200 ghế.	occupancy
renovated	adj.	được cải tạo	The renovated lobby opened last weekend.	Sảnh được cải tạo đã mở cửa cuối tuần trước.	occupancy
capacity	n.	sức chứa	The hall has a capacity of 300 people.	Hội trường có sức chứa 300 người.	occupancy
peak	adj.	cao điểm	Room rates are higher during peak season.	Giá phòng cao hơn vào mùa cao điểm.	occupancy
refreshment	n.	đồ giải khát	Refreshments will be served during the break.	Đồ giải khát sẽ được phục vụ trong giờ giải lao.	complimentary
courtesy	n.	sự lịch sự / xe đưa đón miễn phí	A courtesy shuttle runs to the train station.	Xe đưa đón miễn phí chạy ra ga tàu.	complimentary
included	adj.	đã bao gồm	Breakfast is included in the room rate.	Bữa sáng đã gồm trong giá phòng.	complimentary
boarding	n.	lên máy bay / lên tàu	Boarding begins 30 minutes before departure.	Lên máy bay bắt đầu 30 phút trước giờ khởi hành.	itinerary
gate	n.	cổng (sân bay)	The flight to Osaka leaves from gate 22.	Chuyến bay tới Osaka rời từ cổng 22.	itinerary
terminal	n.	nhà ga	International flights use terminal 2.	Chuyến bay quốc tế dùng nhà ga 2.	itinerary
flight	n.	chuyến bay	The morning flight was canceled because of fog.	Chuyến bay sáng bị hủy vì sương mù.	itinerary
departure	n.	chuyến đi / giờ khởi hành	The departure board shows a 20-minute delay.	Bảng khởi hành báo chậm 20 phút.	itinerary
arrival	n.	chuyến đến	Please wait in the arrival hall.	Vui lòng chờ ở sảnh đến.	itinerary
fare	n.	giá vé	The round-trip fare includes one checked bag.	Giá vé khứ hồi gồm một kiện hành lý ký gửi.	itinerary
passenger	n.	hành khách	Each passenger must show a photo ID.	Mỗi hành khách phải xuất trình giấy tờ có ảnh.	itinerary
ticket	n.	vé	Please keep your ticket until you exit the station.	Vui lòng giữ vé đến khi ra khỏi ga.	itinerary
passport	n.	hộ chiếu	Your passport must be valid for six months.	Hộ chiếu phải còn hạn ít nhất sáu tháng.	itinerary
visa	n.	thị thực	A tourist visa is required for this trip.	Chuyến đi này cần thị thực du lịch.	itinerary
layover	n.	điểm dừng nối chuyến	There is a two-hour layover in Seoul.	Có hai giờ dừng nối chuyến ở Seoul.	itinerary
aisle	n.	lối đi	She asked for an aisle seat near the exit.	Cô ấy xin ghế cạnh lối đi gần cửa thoát hiểm.	itinerary
sightseeing	n.	tham quan	The afternoon is free for sightseeing.	Buổi chiều rảnh để tham quan.	itinerary
excursion	n.	chuyến tham quan ngắn	The museum excursion leaves the hotel at 9 a.m.	Chuyến tham quan bảo tàng rời khách sạn lúc 9 giờ sáng.	itinerary
tour	n.	tour	The walking tour of the old town lasts two hours.	Tour đi bộ phố cổ kéo dài hai giờ.	itinerary
souvenir	n.	quà lưu niệm	The gift shop sells local souvenirs.	Cửa hàng quà bán đồ lưu niệm địa phương.	itinerary
delay	n.	sự chậm trễ	The delay was caused by heavy rain.	Sự chậm trễ do mưa lớn.	itinerary
connection	n.	chuyến nối	You have 40 minutes to make your connection.	Bạn có 40 phút để kịp chuyến nối.	itinerary
permit	n.	giấy phép	A parking permit is required in this garage.	Bãi xe này cần giấy phép đỗ.	authorize
license	n.	giấy phép hành nghề	The restaurant license must be displayed at the door.	Giấy phép nhà hàng phải được treo ở cửa.	authorize
regulation	n.	quy định	Safety regulations forbid open shoes in the plant.	Quy định an toàn cấm giày hở trong nhà máy.	authorize
comply	v.	tuân thủ	All vendors must comply with the new rules.	Mọi nhà bán phải tuân thủ quy định mới.	authorize
violate	v.	vi phạm	Do not violate the quiet hours in the hotel.	Không vi phạm giờ yên lặng ở khách sạn.	authorize
restrict	v.	hạn chế	The city will restrict truck traffic downtown.	Thành phố sẽ hạn chế xe tải ở trung tâm.	authorize
prohibit	v.	cấm	Signs prohibit smoking near the entrance.	Biển báo cấm hút thuốc gần cửa ra vào.	authorize
eligible	adj.	đủ điều kiện	Staff with one year of service are eligible for the bonus.	Nhân viên làm đủ một năm mới đủ điều kiện nhận thưởng.	authorize
entitled	adj.	được hưởng	Full-time staff are entitled to paid leave.	Nhân viên toàn thời gian được hưởng nghỉ có lương.	authorize
obligation	n.	nghĩa vụ	The contract lists each party's obligation.	Hợp đồng liệt kê nghĩa vụ của mỗi bên.	authorize
clause	n.	điều khoản	Please read the cancellation clause carefully.	Vui lòng đọc kỹ điều khoản hủy.	authorize
terms	n.	điều kiện hợp đồng	Payment terms are net 30 days.	Điều kiện thanh toán là 30 ngày.	authorize
terminate	v.	chấm dứt	Either side may terminate the agreement with 30 days' notice.	Mỗi bên có thể chấm dứt thỏa thuận với thông báo 30 ngày.	authorize
valid	adj.	còn hiệu lực	This coupon is valid until the end of March.	Phiếu này còn hiệu lực đến hết tháng Ba.	authorize
authentic	adj.	chính hãng / xác thực	Please buy authentic parts from our dealer.	Vui lòng mua linh kiện chính hãng từ đại lý.	authorize
counterfeit	adj.	giả mạo	The store does not accept counterfeit bills.	Cửa hàng không nhận tiền giả.	authorize
signature	n.	chữ ký	A manager's signature is required on this form.	Mẫu này cần chữ ký của quản lý.	authorize
lawsuit	n.	vụ kiện	The company settled the lawsuit last month.	Công ty đã hòa giải vụ kiện tháng trước.	authorize
claim	n.	yêu cầu bồi thường	File an insurance claim within 48 hours.	Nộp yêu cầu bồi thường bảo hiểm trong 48 giờ.	authorize
policy	n.	chính sách	The refund policy is printed on the receipt.	Chính sách hoàn tiền được in trên biên lai.	authorize
coverage	n.	phạm vi bảo hiểm	The policy coverage includes fire and flood.	Phạm vi bảo hiểm gồm hỏa hoạn và lũ.	authorize
premium	n.	phí bảo hiểm	The monthly premium will rise in January.	Phí bảo hiểm hàng tháng sẽ tăng vào tháng Giêng.	authorize
deductible	n.	mức tự trả	You pay the deductible before insurance covers the rest.	Bạn trả mức tự trả trước khi bảo hiểm chi phần còn lại.	authorize
consent	n.	sự đồng ý	Written consent is needed before we share your data.	Cần sự đồng ý bằng văn bản trước khi chúng tôi chia sẻ dữ liệu.	authorize
advertise	v.	quảng cáo	We will advertise the sale in the Sunday paper.	Chúng tôi sẽ quảng cáo đợt giảm giá trên báo Chủ nhật.	brochure
campaign	n.	chiến dịch	The spring campaign will run for six weeks.	Chiến dịch mùa xuân sẽ chạy sáu tuần.	brochure
promotion	n.	khuyến mãi	This promotion is valid in store only.	Khuyến mãi này chỉ áp dụng tại cửa hàng.	brochure
slogan	n.	khẩu hiệu	The new slogan appears on every poster.	Khẩu hiệu mới xuất hiện trên mọi poster.	brochure
brand	n.	thương hiệu	The brand is known for reliable printers.	Thương hiệu nổi tiếng với máy in bền.	brochure
trademark	n.	nhãn hiệu độc quyền	Do not copy the company's trademark.	Không sao chép nhãn hiệu độc quyền của công ty.	brochure
logo	n.	biểu tượng	The logo must appear in the top left corner.	Biểu tượng phải nằm ở góc trên bên trái.	brochure
packaging	n.	bao bì	The new packaging uses less plastic.	Bao bì mới dùng ít nhựa hơn.	brochure
consumer	n.	người tiêu dùng	Consumers prefer products with clear labels.	Người tiêu dùng thích sản phẩm có nhãn rõ.	brochure
competitor	n.	đối thủ cạnh tranh	Our main competitor lowered its prices.	Đối thủ chính đã hạ giá.	brochure
market	n.	thị trường	The company entered the Korean market last year.	Công ty tiến vào thị trường Hàn Quốc năm ngoái.	brochure
launch	v.	ra mắt	We will launch the new phone in September.	Chúng tôi sẽ ra mắt điện thoại mới vào tháng Chín.	brochure
sample	n.	mẫu thử	Free samples are available at the booth.	Mẫu thử miễn phí có ở gian hàng.	brochure
catalog	n.	danh mục sản phẩm	The spring catalog will be mailed next week.	Danh mục mùa xuân sẽ được gửi tuần tới.	brochure
flyer	n.	tờ rơi	Please hand a flyer to each visitor.	Vui lòng đưa tờ rơi cho mỗi khách.	brochure
commercial	n.	quảng cáo (TV/radio)	The radio commercial will air during the news.	Quảng cáo radio sẽ phát trong bản tin.	brochure
publicity	n.	truyền thông	The event received a lot of publicity.	Sự kiện được nhiều truyền thông đưa tin.	brochure
reputation	n.	uy tín	The hotel has a reputation for clean rooms.	Khách sạn có uy tín về phòng sạch.	brochure
quality	n.	chất lượng	We do not reduce quality to cut costs.	Chúng tôi không giảm chất lượng để cắt chi phí.	brochure
feature	n.	tính năng	The main feature of this phone is the long battery.	Tính năng chính của điện thoại này là pin lâu.	brochure
advantage	n.	lợi thế	A downtown location is a clear advantage.	Vị trí trung tâm là lợi thế rõ ràng.	brochure
drawback	n.	nhược điểm	The only drawback is the limited parking.	Nhược điểm duy nhất là chỗ đỗ xe hạn chế.	brochure
trend	n.	xu hướng	Remote work is a growing trend in this industry.	Làm việc từ xa là xu hướng tăng trong ngành này.	brochure
innovative	adj.	đổi mới	The award honors innovative packaging design.	Giải thưởng vinh danh thiết kế bao bì đổi mới.	brochure
obsolete	adj.	lỗi thời	The old software is now obsolete.	Phần mềm cũ giờ đã lỗi thời.	brochure
conventional	adj.	thông thường	We replaced conventional lights with LED lamps.	Chúng tôi thay đèn thông thường bằng đèn LED.	brochure
attractive	adj.	hấp dẫn	The package includes an attractive discount.	Gói dịch vụ gồm mức giảm giá hấp dẫn.	brochure
exclusive	adj.	độc quyền	Club members get exclusive early access.	Thành viên câu lạc bộ được quyền truy cập sớm độc quyền.	brochure
implement	v.	triển khai	The office will implement a new booking system.	Văn phòng sẽ triển khai hệ thống đặt chỗ mới.	memo
expand	v.	mở rộng	The chain plans to expand into two more cities.	Chuỗi cửa hàng định mở rộng thêm hai thành phố.	headquarters
reduce	v.	giảm	Please reduce printing to save paper.	Vui lòng giảm in ấn để tiết kiệm giấy.	budget
increase	v.	tăng	Night flights will increase in July.	Chuyến bay đêm sẽ tăng vào tháng Bảy.	itinerary
improve	v.	cải thiện	Training will improve customer service scores.	Đào tạo sẽ cải thiện điểm phục vụ khách.	employee
operate	v.	vận hành	The café operates from 7 a.m. to 8 p.m.	Quán cà phê vận hành từ 7 giờ sáng đến 8 giờ tối.	reservation
purchase	v.	mua	You can purchase tickets at the kiosk.	Bạn có thể mua vé tại ki-ốt.	invoice
provide	v.	cung cấp	The hotel will provide maps of the city.	Khách sạn sẽ cung cấp bản đồ thành phố.	reservation
obtain	v.	có được	You must obtain a visitor badge at reception.	Bạn phải lấy thẻ khách tại lễ tân.	authorize
retain	v.	giữ lại	Please retain your boarding pass until you exit.	Vui lòng giữ thẻ lên máy bay đến khi ra cửa.	itinerary
achieve	v.	đạt được	The team achieved its sales target in May.	Nhóm đã đạt mục tiêu doanh số vào tháng Năm.	budget
exceed	v.	vượt	Orders exceeded our estimate this quarter.	Đơn hàng vượt ước tính trong quý này.	budget
fulfill	v.	hoàn thành (đơn hàng)	We will fulfill all orders by Friday.	Chúng tôi sẽ hoàn thành mọi đơn trước thứ Sáu.	shipment
satisfy	v.	làm hài lòng	A replacement part should satisfy the customer.	Linh kiện thay thế sẽ làm khách hài lòng.	inventory
distribute	v.	phân phối	Please distribute the agenda before the meeting.	Vui lòng phân phối chương trình họp trước giờ họp.	conference
allocate	v.	phân bổ	The board will allocate extra funds to training.	Hội đồng sẽ phân bổ thêm quỹ cho đào tạo.	budget
monitor	v.	giám sát	Staff monitor the lobby cameras at night.	Nhân viên giám sát camera sảnh vào ban đêm.	headquarters
verify	v.	xác minh	Please verify the address before shipping.	Vui lòng xác minh địa chỉ trước khi gửi hàng.	shipment
identify	v.	nhận diện	Guests must identify themselves at the gate.	Khách phải xuất trình danh tính ở cổng.	authorize
specify	v.	nêu rõ	Please specify the number of chairs you need.	Vui lòng nêu rõ số ghế bạn cần.	memo
indicate	v.	chỉ ra	Arrows indicate the way to the exhibition hall.	Mũi tên chỉ đường tới hội trường triển lãm.	conference
ensure	v.	đảm bảo	Please ensure that the door is locked.	Vui lòng đảm bảo cửa đã khóa.	authorize
prevent	v.	ngăn	Barriers prevent trucks from entering the plaza.	Rào chắn ngăn xe tải vào quảng trường.	authorize
avoid	v.	tránh	Avoid calling clients during their lunch hour.	Tránh gọi khách trong giờ ăn trưa.	memo
arrange	v.	sắp xếp	I will arrange a taxi for the visiting team.	Tôi sẽ sắp xếp taxi cho đoàn khách.	reservation
prepare	v.	chuẩn bị	Please prepare name cards for every guest.	Vui lòng chuẩn bị thẻ tên cho mọi khách.	conference
complete	v.	hoàn tất	Complete the form and leave it at the desk.	Hoàn tất mẫu đơn rồi để ở quầy.	memo
accomplish	v.	hoàn thành (nhiệm vụ)	We accomplished the move over the weekend.	Chúng tôi hoàn thành việc chuyển văn phòng trong cuối tuần.	headquarters
perform	v.	thực hiện	Technicians perform a safety check each morning.	Kỹ thuật viên thực hiện kiểm tra an toàn mỗi sáng.	inventory
conduct	v.	tiến hành	The firm will conduct interviews next week.	Công ty sẽ tiến hành phỏng vấn tuần tới.	applicant
establish	v.	thành lập	They plan to establish an office in Hanoi.	Họ định thành lập văn phòng ở Hà Nội.	headquarters
introduce	v.	giới thiệu	Let me introduce our new sales manager.	Xin giới thiệu quản lý bán hàng mới.	employee
announce	v.	công bố	The airline will announce the new route tomorrow.	Hãng hàng không sẽ công bố tuyến mới vào ngày mai.	itinerary
negotiate	v.	đàm phán	We will negotiate the price with the supplier.	Chúng tôi sẽ đàm phán giá với nhà cung cấp.	budget
compromise	n.	sự thỏa hiệp	The two sides reached a compromise on overtime.	Hai bên đạt thỏa hiệp về giờ làm thêm.	employee
settle	v.	dàn xếp / thanh toán	Please settle your bill at the front desk.	Vui lòng thanh toán hóa đơn tại quầy lễ tân.	invoice
resolve	v.	giải quyết	The manager resolved the complaint in one hour.	Quản lý giải quyết khiếu nại trong một giờ.	employee
coordinate	v.	phối hợp	She will coordinate the movers and the IT team.	Cô ấy sẽ phối hợp đội chuyển nhà và nhóm IT.	headquarters
organize	v.	tổ chức	The club will organize a job fair in April.	Câu lạc bộ sẽ tổ chức hội chợ việc làm vào tháng Tư.	conference
instruct	v.	hướng dẫn	A trainer will instruct you on the new software.	Huấn luyện viên sẽ hướng dẫn bạn phần mềm mới.	employee
inform	v.	thông tin cho	Please inform reception if you will be late.	Vui lòng báo lễ tân nếu bạn đến muộn.	memo
update	v.	cập nhật	Please update your contact details online.	Vui lòng cập nhật thông tin liên hệ trực tuyến.	memo
upgrade	v.	nâng cấp	Guests may upgrade to a suite for a small fee.	Khách có thể nâng cấp lên suite với phí nhỏ.	reservation
restore	v.	khôi phục	Power was restored after two hours.	Điện được khôi phục sau hai giờ.	inventory
retrieve	v.	lấy lại	You can retrieve lost items at the information desk.	Bạn có thể lấy lại đồ thất lạc ở quầy thông tin.	reservation
compile	v.	tổng hợp	Please compile the survey results by Monday.	Vui lòng tổng hợp kết quả khảo sát trước thứ Hai.	memo
summarize	v.	tóm tắt	The last slide summarizes the main points.	Slide cuối tóm tắt các ý chính.	conference
outline	v.	nêu đại cương	The letter outlines the new parking rules.	Lá thư nêu đại cương quy định đỗ xe mới.	memo
emphasize	v.	nhấn mạnh	The speaker emphasized the need for safety glasses.	Diễn giả nhấn mạnh việc cần kính bảo hộ.	conference
commit	v.	cam kết	The city committed funds to the new terminal.	Thành phố cam kết quỹ cho nhà ga mới.	budget
assure	v.	cam đoan	We assure guests that the water is safe.	Chúng tôi cam đoan với khách rằng nước an toàn.	reservation
efficient	adj.	hiệu quả	The new printer is faster and more efficient.	Máy in mới nhanh và hiệu quả hơn.	inventory
reliable	adj.	đáng tin cậy	This courier is reliable for overnight delivery.	Hãng chuyển phát này đáng tin cho giao hàng qua đêm.	shipment
convenient	adj.	tiện lợi	The hotel is convenient for the convention center.	Khách sạn tiện cho trung tâm hội nghị.	reservation
essential	adj.	thiết yếu	A valid passport is essential for this trip.	Hộ chiếu còn hạn là thứ thiết yếu cho chuyến đi.	itinerary
mandatory	adj.	bắt buộc	A safety helmet is mandatory in the warehouse.	Mũ bảo hộ là bắt buộc trong kho.	authorize
optional	adj.	không bắt buộc	The city tour is optional for conference guests.	Tour thành phố không bắt buộc với khách hội nghị.	itinerary
temporary	adj.	tạm thời	A temporary office is set up on the third floor.	Văn phòng tạm được bố trí ở tầng ba.	headquarters
permanent	adj.	thường xuyên / lâu dài	She accepted a permanent position in accounting.	Cô ấy nhận vị trí chính thức ở phòng kế toán.	applicant
prior	adj.	trước đó	Prior experience with hotels is helpful.	Kinh nghiệm khách sạn trước đó sẽ hữu ích.	applicant
subsequent	adj.	tiếp theo	Subsequent meetings will be held online.	Các cuộc họp tiếp theo sẽ họp trực tuyến.	conference
frequent	adj.	thường xuyên	Frequent travelers may join the loyalty club.	Khách đi thường xuyên có thể tham gia câu lạc bộ thành viên.	itinerary
adequate	adj.	đủ	Please bring an adequate number of chairs.	Vui lòng mang đủ số ghế.	conference
insufficient	adj.	không đủ	There was insufficient parking for the event.	Chỗ đỗ xe không đủ cho sự kiện.	occupancy
substantial	adj.	đáng kể	The store reported a substantial rise in sales.	Cửa hàng báo doanh số tăng đáng kể.	budget
moderate	adj.	vừa phải	Choose a hotel in the moderate price range.	Chọn khách sạn ở tầm giá vừa phải.	reservation
minimum	n.	mức tối thiểu	The minimum order is 20 boxes.	Đơn hàng tối thiểu là 20 thùng.	inventory
maximum	n.	mức tối đa	The elevator has a maximum load of 800 kilograms.	Thang máy có tải tối đa 800 kg.	occupancy
approximately	adv.	khoảng	The taxi ride takes approximately 25 minutes.	Chuyến taxi mất khoảng 25 phút.	itinerary
particularly	adv.	đặc biệt	The restaurant is particularly busy on Fridays.	Nhà hàng đặc biệt đông vào thứ Sáu.	complimentary
successfully	adv.	thành công	The team successfully launched the new catalog.	Nhóm đã ra mắt danh mục mới thành công.	brochure
gradually	adv.	dần dần	Prices will gradually increase over the year.	Giá sẽ tăng dần trong năm.	budget
highly	adv.	rất / hết sức	This course is highly recommended for new managers.	Khóa này rất được khuyên cho quản lý mới.	employee
thoroughly	adv.	kỹ lưỡng	Please check the figures thoroughly before you send them.	Vui lòng kiểm tra số liệu kỹ trước khi gửi.	memo
accordingly	adv.	theo đó	The flight was delayed; please wait accordingly.	Chuyến bay bị hoãn; vui lòng chờ theo đó.	itinerary
therefore	adv.	do đó	The hall is full; therefore, extra chairs were added.	Hội trường đã đầy; do đó đã thêm ghế.	occupancy
however	adv.	tuy nhiên	The room is small; however, it has a city view.	Phòng nhỏ; tuy nhiên có view thành phố.	reservation
moreover	adv.	hơn nữa	The hotel is central; moreover, breakfast is included.	Khách sạn ở trung tâm; hơn nữa đã gồm bữa sáng.	complimentary
nevertheless	adv.	dù vậy	The train was late; nevertheless, we arrived on time.	Tàu muộn; dù vậy chúng tôi vẫn tới đúng giờ.	deadline
otherwise	adv.	nếu không	Please RSVP today; otherwise, we cannot hold the seat.	Vui lòng xác nhận hôm nay; nếu không chúng tôi không giữ chỗ.	reservation
abide	v.	tuân theo	Both sides must abide by the signed contract.	Cả hai bên phải tuân theo hợp đồng đã ký.	authorize
agreement	n.	thỏa thuận	The agreement will take effect on Monday.	Thỏa thuận sẽ có hiệu lực vào thứ Hai.	authorize
assurance	n.	sự bảo đảm	We need written assurance that the parts will arrive.	Chúng tôi cần bảo đảm bằng văn bản rằng linh kiện sẽ đến.	authorize
cancellation	n.	việc hủy	A late cancellation may incur a fee.	Hủy muộn có thể bị tính phí.	authorize
determine	v.	xác định	Please determine the cause of the delay.	Vui lòng xác định nguyên nhân chậm trễ.	deadline
engage	v.	thuê / cam kết	The firm will engage a lawyer for the case.	Công ty sẽ thuê luật sư cho vụ việc.	authorize
obligate	v.	ràng buộc nghĩa vụ	The clause does not obligate us to renew.	Điều khoản không ràng buộc chúng tôi phải gia hạn.	authorize
party	n.	bên (hợp đồng)	Each party must keep a signed copy.	Mỗi bên phải giữ một bản đã ký.	authorize
provision	n.	điều khoản	This provision covers damage during shipping.	Điều khoản này gồm thiệt hại khi vận chuyển.	authorize
attract	v.	thu hút	Bright signs attract visitors to the booth.	Biển sáng thu hút khách tới gian hàng.	brochure
compare	v.	so sánh	Please compare these two printers before buying.	Vui lòng so sánh hai máy in này trước khi mua.	brochure
competition	n.	cạnh tranh	Competition in this market is very strong.	Cạnh tranh trên thị trường này rất mạnh.	brochure
consume	v.	tiêu thụ	The factory consumes less energy after the upgrade.	Nhà máy tiêu thụ ít năng lượng hơn sau khi nâng cấp.	inventory
convince	v.	thuyết phục	The sample helped convince the buyer.	Mẫu thử giúp thuyết phục người mua.	brochure
inspiration	n.	nguồn cảm hứng	The designer found inspiration in local crafts.	Nhà thiết kế tìm cảm hứng từ đồ thủ công địa phương.	brochure
persuasion	n.	sự thuyết phục	The ad relies on gentle persuasion, not pressure.	Quảng cáo dựa vào thuyết phục nhẹ, không ép.	brochure
productive	adj.	năng suất	The morning session was surprisingly productive.	Buổi sáng làm việc năng suất hơn mong đợi.	conference
satisfaction	n.	sự hài lòng	Customer satisfaction rose after the refund policy changed.	Sự hài lòng của khách tăng sau khi đổi chính sách hoàn tiền.	brochure
characteristic	n.	đặc điểm	Durability is a key characteristic of this brand.	Độ bền là đặc điểm then chốt của thương hiệu này.	brochure
consequence	n.	hậu quả	A missed deadline can have a serious consequence.	Bỏ lỡ hạn chót có thể gây hậu quả nghiêm trọng.	deadline
cover	v.	chi trả / bao gồm	Does this plan cover dental care?	Gói này có chi trả nha khoa không?	authorize
expiration	n.	ngày hết hạn	Check the expiration date on the coupon.	Kiểm tra ngày hết hạn trên phiếu.	deadline
frequently	adv.	thường xuyên	The printer jams frequently in humid weather.	Máy in kẹt giấy thường xuyên khi trời ẩm.	inventory
imply	v.	ám chỉ	The memo does not imply that jobs will be cut.	Bản ghi nhớ không ám chỉ sẽ cắt việc.	memo
promise	n.	lời hứa	We kept our promise to ship on Friday.	Chúng tôi giữ lời hứa gửi hàng vào thứ Sáu.	shipment
protect	v.	bảo vệ	Wear gloves to protect your hands.	Đeo găng để bảo vệ tay.	inventory
variety	n.	sự đa dạng	The shop offers a variety of office chairs.	Cửa hàng có nhiều loại ghế văn phòng.	brochure
address	v.	giải quyết (vấn đề)	The director will address safety concerns today.	Giám đốc sẽ giải quyết các lo ngại an toàn hôm nay.	conference
demonstrate	v.	trình diễn / chứng minh	Please demonstrate how the new scanner works.	Vui lòng trình diễn máy quét mới hoạt động thế nào.	inventory
develop	v.	phát triển	The team will develop a training plan.	Nhóm sẽ phát triển kế hoạch đào tạo.	employee
gather	v.	thu thập	Please gather the survey forms from each table.	Vui lòng thu thập phiếu khảo sát từ mỗi bàn.	memo
offer	n.	đề nghị / ưu đãi	The limited-time offer ends on Sunday.	Ưu đãi có thời hạn kết thúc vào Chủ nhật.	brochure
primarily	adv.	chủ yếu	This shop serves primarily business travelers.	Cửa hàng này phục vụ chủ yếu khách công tác.	reservation
risk	n.	rủi ro	Delaying the shipment increases the risk of damage.	Hoãn lô hàng làm tăng rủi ro hư hỏng.	shipment
strategy	n.	chiến lược	Our strategy is to open smaller stores first.	Chiến lược của chúng tôi là mở cửa hàng nhỏ trước.	brochure
strong	adj.	mạnh	The company posted strong sales in March.	Công ty ghi nhận doanh số mạnh vào tháng Ba.	budget
substitution	n.	sự thay thế	No substitution of parts is allowed under the warranty.	Không được thay linh kiện khác trong thời hạn bảo hành.	inventory
accommodate	v.	chứa / đáp ứng	The hall can accommodate 250 guests.	Hội trường chứa được 250 khách.	occupancy
arrangement	n.	sự sắp xếp	Travel arrangements were made by the assistant.	Việc sắp xếp chuyến đi do trợ lý thực hiện.	itinerary
association	n.	hiệp hội	She joined the local hotel association.	Cô ấy gia nhập hiệp hội khách sạn địa phương.	conference
location	n.	vị trí	A downtown location is convenient for clients.	Vị trí trung tâm tiện cho khách.	headquarters
overcrowded	adj.	quá đông	The lobby was overcrowded during check-in.	Sảnh quá đông trong giờ nhận phòng.	occupancy
register	v.	đăng ký	Please register for the workshop online.	Vui lòng đăng ký hội thảo trực tuyến.	conference
select	v.	chọn	Select a seat near the aisle if you prefer.	Chọn ghế gần lối đi nếu bạn thích.	itinerary
session	n.	phiên họp / buổi	The afternoon session starts at 1:30.	Phiên chiều bắt đầu lúc 1:30.	conference
access	n.	quyền truy cập	Staff need a badge for access to the warehouse.	Nhân viên cần thẻ để vào kho.	authorize
compatible	adj.	tương thích	This cable is compatible with the new laptop.	Cáp này tương thích với laptop mới.	inventory
delete	v.	xóa	Do not delete files from the shared folder.	Không xóa tệp trong thư mục dùng chung.	memo
display	v.	trưng bày	Please display the new prices in the window.	Vui lòng trưng bày giá mới ở cửa sổ.	brochure
duplicate	n.	bản sao	Keep a duplicate of every signed form.	Giữ bản sao của mọi mẫu đã ký.	memo
fail	v.	thất bại / hỏng	If the printer fails, use the one on floor two.	Nếu máy in hỏng, dùng máy ở tầng hai.	inventory
ignore	v.	bỏ qua	Do not ignore the safety alarm.	Không bỏ qua chuông báo an toàn.	authorize
search	v.	tìm kiếm	You can search the catalog by product code.	Bạn có thể tìm trong danh mục theo mã sản phẩm.	brochure
warning	n.	cảnh báo	A warning light came on in the elevator.	Đèn cảnh báo sáng trong thang máy.	inventory
disk	n.	đĩa (lưu trữ)	Save a copy of the file on a backup disk.	Lưu bản sao tệp trên đĩa dự phòng.	memo
keyboard	n.	bàn phím	A spare keyboard is in the supply closet.	Bàn phím dự phòng ở tủ đồ dùng.	inventory
software	n.	phần mềm	The accounting software will be updated tonight.	Phần mềm kế toán sẽ được cập nhật tối nay.	memo
virus	n.	vi-rút (máy tính)	Do not open attachments that may contain a virus.	Không mở tệp đính kèm có thể chứa vi-rút.	memo
attire	n.	trang phục	Business attire is required at the dinner.	Bữa tối yêu cầu trang phục công sở.	conference
behavior	n.	hành vi	Polite behavior is expected at the front desk.	Hành vi lịch sự được mong đợi ở quầy lễ tân.	reservation
etiquette	n.	nghi thức	Email etiquette includes a clear subject line.	Nghi thức email gồm dòng chủ đề rõ.	memo
formal	adj.	trang trọng	A formal invitation will be mailed next week.	Thiệp mời trang trọng sẽ được gửi tuần tới.	conference
informal	adj.	không trang trọng	Friday is an informal dress day in this office.	Thứ Sáu là ngày ăn mặc thoải mái ở văn phòng này.	employee
manners	n.	phép lịch sự	Good manners help during client visits.	Phép lịch sự giúp ích khi khách đến thăm.	conference
inappropriate	adj.	không phù hợp	Jeans are inappropriate for the interview.	Quần jeans không phù hợp cho buổi phỏng vấn.	applicant
condition	n.	tình trạng / điều kiện	The used copier is in excellent condition.	Máy photocopy cũ còn tình trạng rất tốt.	inventory
dissatisfaction	n.	sự không hài lòng	The survey showed dissatisfaction with wait times.	Khảo sát cho thấy không hài lòng về thời gian chờ.	brochure
item	n.	mặt hàng	Each item on the invoice has a product code.	Mỗi mặt hàng trên hóa đơn có mã sản phẩm.	invoice
pleasant	adj.	dễ chịu	The hotel has a pleasant garden for breakfast.	Khách sạn có vườn dễ chịu cho bữa sáng.	complimentary
prefer	v.	thích hơn	Most guests prefer a room with a city view.	Hầu hết khách thích phòng nhìn ra thành phố.	reservation
product	n.	sản phẩm	This product is made in the local factory.	Sản phẩm này được làm tại nhà máy địa phương.	inventory
return	v.	trả lại	You may return unused goods within 14 days.	Bạn có thể trả hàng chưa dùng trong 14 ngày.	invoice
receive	v.	nhận	Did you receive the package this morning?	Bạn đã nhận kiện hàng sáng nay chưa?	shipment
service	n.	dịch vụ	Room service is available until midnight.	Dịch vụ phòng có đến nửa đêm.	reservation
appointment	n.	cuộc hẹn	I have an appointment with the dentist at 3.	Tôi có hẹn nha sĩ lúc 3 giờ.	deadline
provider	n.	nhà cung cấp dịch vụ	Our internet provider will visit on Tuesday.	Nhà cung cấp internet sẽ đến vào thứ Ba.	headquarters
directory	n.	danh bạ	The staff directory is posted near the elevator.	Danh bạ nhân viên được dán gần thang máy.	headquarters
inexpensive	adj.	rẻ	The inn offers inexpensive rooms near the station.	Nhà trọ có phòng rẻ gần ga.	reservation
install	v.	lắp đặt	Technicians will install the new phones tomorrow.	Kỹ thuật viên sẽ lắp điện thoại mới vào ngày mai.	inventory
necessary	adj.	cần thiết	A visitor badge is necessary after 6 p.m.	Thẻ khách là cần thiết sau 6 giờ tối.	authorize
periodical	n.	tạp chí định kỳ	The library keeps every periodical for two years.	Thư viện giữ mỗi tạp chí định kỳ trong hai năm.	memo
subscribe	v.	đặt mua định kỳ	You can subscribe to the newsletter by email.	Bạn có thể đặt nhận bản tin qua email.	brochure
subscription	n.	gói đặt mua	The magazine subscription includes digital access.	Gói tạp chí gồm quyền xem bản điện tử.	brochure
densely	adv.	dày đặc	The factory is in a densely populated area.	Nhà máy nằm ở khu dân cư dày đặc.	headquarters
congested	adj.	ùn tắc	Avoid the congested bridge during rush hour.	Tránh cây cầu ùn tắc giờ cao điểm.	itinerary
haul	v.	vận chuyển (hàng nặng)	Trucks haul steel from the port to the plant.	Xe tải vận chuyển thép từ cảng tới nhà máy.	shipment
parking	n.	chỗ đỗ xe	Parking is free for hotel guests.	Khách khách sạn được đỗ xe miễn phí.	reservation
pedestrian	n.	người đi bộ	Pedestrians should use the marked crossing.	Người đi bộ nên đi qua vạch dành cho họ.	itinerary
proceed	v.	tiếp tục / đi tiếp	Please proceed to gate 9 after security.	Vui lòng đi tiếp tới cổng 9 sau an ninh.	itinerary
remainder	n.	phần còn lại	Pay a deposit now and the remainder on delivery.	Trả cọc ngay và phần còn lại khi giao hàng.	invoice
construction	n.	xây dựng	The lobby is closed during construction.	Sảnh đóng trong thời gian xây dựng.	headquarters
scanner	n.	máy quét	Place the form face down on the scanner.	Đặt mẫu đơn úp xuống máy quét.	memo
printer	n.	máy in	The color printer is next to the copy room.	Máy in màu ở cạnh phòng photocopy.	inventory
network	n.	mạng	The office network will restart at noon.	Mạng văn phòng sẽ khởi động lại lúc trưa.	memo
password	n.	mật khẩu	Do not share your password with anyone.	Không chia sẻ mật khẩu với ai.	authorize
download	v.	tải xuống	You can download the form from our website.	Bạn có thể tải mẫu đơn từ trang web.	memo
upload	v.	tải lên	Please upload the photos to the shared drive.	Vui lòng tải ảnh lên ổ dùng chung.	memo
laptop	n.	máy tính xách tay	Bring your laptop to the training room.	Mang laptop tới phòng đào tạo.	conference
desktop	n.	máy tính để bàn	A new desktop will be placed on each desk.	Mỗi bàn sẽ có một máy tính để bàn mới.	headquarters
wireless	adj.	không dây	Free wireless internet is available in the lobby.	Internet không dây miễn phí có ở sảnh.	reservation
broadband	n.	mạng băng thông rộng	The hotel upgraded to faster broadband.	Khách sạn đã nâng mạng băng thông rộng nhanh hơn.	reservation
backup	n.	bản sao lưu	Make a backup of the files before you leave.	Tạo bản sao lưu tệp trước khi bạn về.	memo
crash	v.	sập (máy/hệ thống)	If the system crashes, call the help desk.	Nếu hệ thống sập, gọi bộ phận hỗ trợ.	memo
server	n.	máy chủ	The mail server is down until 4 p.m.	Máy chủ thư dừng đến 4 giờ chiều.	headquarters
database	n.	cơ sở dữ liệu	Customer records are stored in a secure database.	Hồ sơ khách được lưu trong cơ sở dữ liệu an toàn.	memo
spreadsheet	n.	bảng tính	Enter the hours in this spreadsheet.	Nhập số giờ vào bảng tính này.	memo
presentation	n.	bài thuyết trình	Her presentation on sales lasted 20 minutes.	Bài thuyết trình về doanh số của cô ấy dài 20 phút.	conference
projector	n.	máy chiếu	Please turn off the projector after the talk.	Vui lòng tắt máy chiếu sau bài nói.	conference
photocopier	n.	máy photocopy	The photocopier needs more paper.	Máy photocopy cần thêm giấy.	inventory
stapler	n.	dập ghim	A stapler is in the top drawer.	Dập ghim ở ngăn kéo trên.	memo
envelope	n.	phong bì	Put the contract in a large envelope.	Cho hợp đồng vào phong bì lớn.	memo
postage	n.	cước tem	Postage to overseas offices is higher.	Cước gửi ra văn phòng nước ngoài cao hơn.	shipment
mailbox	n.	hòm thư	Drop the keys in the mailbox if we are out.	Bỏ chìa vào hòm thư nếu chúng tôi vắng.	headquarters
outgoing	adj.	đi ra / gửi đi	Outgoing mail leaves the office at 4 p.m.	Thư gửi đi rời văn phòng lúc 4 giờ chiều.	memo
incoming	adj.	đến / gửi tới	Incoming calls are answered at the front desk.	Cuộc gọi đến được lễ tân trả lời.	reservation
recipient	n.	người nhận	Check the recipient's name before you send.	Kiểm tra tên người nhận trước khi gửi.	memo
sender	n.	người gửi	The sender must include a return address.	Người gửi phải ghi địa chỉ trả lại.	memo
confidential	adj.	mật	This file is confidential and must stay locked.	Tệp này là mật và phải khóa.	authorize
priority	n.	mức ưu tiên	Safety is our first priority on the factory floor.	An toàn là ưu tiên hàng đầu trong nhà máy.	inventory
contract	n.	hợp đồng	Please read the contract before you sign it.	Vui lòng đọc hợp đồng trước khi ký.	authorize
legal	adj.	hợp pháp / pháp lý	Ask the legal team about this clause.	Hỏi nhóm pháp chế về điều khoản này.	authorize
illegal	adj.	bất hợp pháp	It is illegal to copy this software.	Sao chép phần mềm này là bất hợp pháp.	authorize
binding	adj.	ràng buộc	The offer is binding once both sides sign.	Đề nghị trở nên ràng buộc khi cả hai bên ký.	authorize
breach	n.	vi phạm (hợp đồng)	Late payment is a breach of the agreement.	Thanh toán muộn là vi phạm thỏa thuận.	authorize
disclose	v.	công bố / tiết lộ	We cannot disclose client names.	Chúng tôi không thể tiết lộ tên khách.	authorize
disclosure	n.	sự công bố	Full disclosure of fees is required by law.	Luật yêu cầu công bố đầy đủ các khoản phí.	authorize
patent	n.	bằng sáng chế	The company filed a patent for the new design.	Công ty nộp bằng sáng chế cho thiết kế mới.	brochure
copyright	n.	bản quyền	Do not use photos without copyright permission.	Không dùng ảnh khi chưa có phép bản quyền.	brochure
landlord	n.	chủ nhà	The landlord will paint the office in May.	Chủ nhà sẽ sơn văn phòng vào tháng Năm.	headquarters
tenant	n.	người thuê	Each tenant must pay rent by the fifth.	Mỗi người thuê phải trả tiền nhà trước ngày mùng 5.	budget
lease	n.	hợp đồng thuê	The lease on this floor ends in December.	Hợp đồng thuê tầng này hết vào tháng 12.	authorize
rent	n.	tiền thuê	Rent includes water but not electricity.	Tiền thuê gồm nước nhưng không gồm điện.	budget
premises	n.	mặt bằng / cơ sở	No smoking is allowed on the premises.	Cấm hút thuốc trong mặt bằng.	headquarters
penalty	n.	tiền phạt	There is a penalty for returning the car late.	Có tiền phạt nếu trả xe muộn.	authorize
liable	adj.	chịu trách nhiệm pháp lý	The carrier is liable for lost cargo.	Hãng vận chuyển chịu trách nhiệm hàng mất.	shipment
exempt	adj.	được miễn	Food products are exempt from this tax.	Sản phẩm thực phẩm được miễn thuế này.	invoice
enforce	v.	thực thi	Guards enforce the visitor rules at the gate.	Bảo vệ thực thi nội quy khách ở cổng.	authorize
suspend	v.	tạm dừng	The city will suspend night buses this week.	Thành phố sẽ tạm dừng xe buýt đêm tuần này.	itinerary
commence	v.	bắt đầu	Boarding will commence at 8:40.	Việc lên máy bay bắt đầu lúc 8:40.	itinerary
cease	v.	chấm dứt	Please cease using the old letterhead.	Vui lòng ngừng dùng tiêu đề thư cũ.	memo
attorney	n.	luật sư	An attorney reviewed the lease yesterday.	Luật sư đã xem hợp đồng thuê hôm qua.	authorize
witness	n.	nhân chứng / người làm chứng	A witness must sign the last page.	Người làm chứng phải ký trang cuối.	authorize
evidence	n.	bằng chứng	Keep the photos as evidence of the damage.	Giữ ảnh làm bằng chứng thiệt hại.	authorize
property	n.	tài sản / bất động sản	Personal property should not be left in the lobby.	Không để tài sản cá nhân ở sảnh.	headquarters
secure	adj.	an toàn / bảo mật	Keep passwords in a secure place.	Giữ mật khẩu ở nơi an toàn.	authorize
security	n.	an ninh	Security will check bags at the entrance.	An ninh sẽ kiểm tra túi ở cửa vào.	authorize
apply	v.	nộp đơn	You may apply for the opening online.	Bạn có thể nộp đơn vị trí trống trực tuyến.	applicant
application	n.	đơn ứng tuyển	Incomplete applications will not be reviewed.	Đơn không đầy đủ sẽ không được xét.	applicant
employer	n.	nhà tuyển dụng	The employer offers flexible hours.	Nhà tuyển dụng cho giờ làm linh hoạt.	employee
employment	n.	việc làm	Seasonal employment begins in June.	Việc làm theo mùa bắt đầu vào tháng Sáu.	employee
unemployed	adj.	thất nghiệp	The city runs a program for unemployed workers.	Thành phố có chương trình cho người thất nghiệp.	applicant
skilled	adj.	có tay nghề	We need skilled technicians for the night shift.	Chúng tôi cần kỹ thuật viên có tay nghề cho ca đêm.	employee
expertise	n.	chuyên môn	Her expertise in logistics saved two days.	Chuyên môn logistics của cô ấy tiết kiệm hai ngày.	shipment
proficient	adj.	thành thạo	Applicants must be proficient in English.	Ứng viên phải thành thạo tiếng Anh.	applicant
capable	adj.	có năng lực	He is capable of leading the sales team.	Anh ấy có năng lực dẫn dắt nhóm bán hàng.	employee
dedicated	adj.	tận tâm	A dedicated staff member greeted every guest.	Một nhân viên tận tâm chào mọi khách.	employee
dependable	adj.	đáng tin	We hired a dependable driver for deliveries.	Chúng tôi thuê tài xế đáng tin cho giao hàng.	shipment
diligent	adj.	siêng năng	The intern is diligent about filing papers.	Thực tập sinh siêng năng lưu giấy tờ.	employee
punctual	adj.	đúng giờ	Please be punctual for the 9 a.m. briefing.	Vui lòng đúng giờ buổi phổ biến 9 giờ sáng.	deadline
tardy	adj.	đi trễ	Three tardy arrivals will be noted in the file.	Ba lần đến trễ sẽ được ghi vào hồ sơ.	deadline
absent	adj.	vắng mặt	Two clerks were absent because of the storm.	Hai nhân viên vắng vì bão.	employee
absence	n.	sự vắng mặt	Please report your absence to the supervisor.	Vui lòng báo sự vắng mặt cho người giám sát.	employee
attendance	n.	sự có mặt	Attendance at the fire drill is required.	Có mặt ở buổi diễn tập cháy là bắt buộc.	employee
coworker	n.	đồng nghiệp	Ask a coworker to cover your desk at lunch.	Nhờ đồng nghiệp trông bàn giúp lúc ăn trưa.	employee
mentor	n.	người hướng dẫn	A mentor will help you during the first month.	Người hướng dẫn sẽ giúp bạn trong tháng đầu.	employee
apprentice	n.	người học việc	The apprentice learned to operate the press.	Người học việc học vận hành máy in.	inventory
veteran	n.	người kỳ cựu	A veteran clerk trained the new cashier.	Nhân viên kỳ cựu đào tạo thu ngân mới.	employee
junior	adj.	cấp thấp	The junior analyst sits on the second floor.	Chuyên viên phân tích cấp thấp ngồi tầng hai.	employee
senior	adj.	cấp cao	Senior staff may park in the covered lot.	Nhân viên cấp cao được đỗ ở bãi có mái.	employee
opening	n.	vị trí tuyển	There is an opening for a night receptionist.	Có vị trí tuyển lễ tân ca đêm.	applicant
posting	n.	tin tuyển dụng	The job posting closes on Friday.	Tin tuyển dụng đóng vào thứ Sáu.	applicant
screening	n.	sơ loại hồ sơ	Phone screening takes about 15 minutes.	Sơ loại qua điện thoại mất khoảng 15 phút.	applicant
relocate	v.	chuyển chỗ làm	She agreed to relocate to the Osaka branch.	Cô ấy đồng ý chuyển tới chi nhánh Osaka.	headquarters
relocation	n.	việc chuyển chỗ	Relocation costs are paid by the company.	Chi phí chuyển chỗ do công ty trả.	budget
severance	n.	trợ cấp thôi việc	Severance pay is based on years of service.	Trợ cấp thôi việc dựa trên số năm làm việc.	budget
workplace	n.	nơi làm việc	Keep the workplace clear of boxes.	Giữ nơi làm việc không bị thùng chiếm lối.	headquarters
workload	n.	khối lượng công việc	The new software reduced our workload.	Phần mềm mới giảm khối lượng công việc.	employee
forecast	n.	dự báo	The sales forecast for June looks strong.	Dự báo doanh số tháng Sáu trông khả quan.	budget
profitability	n.	khả năng sinh lời	The new line improved profitability.	Dòng sản phẩm mới cải thiện khả năng sinh lời.	budget
turnover	n.	doanh số / biến động nhân sự	Staff turnover fell after the raise.	Biến động nhân sự giảm sau đợt tăng lương.	employee
overhead	n.	chi phí gián tiếp	Moving downtown increased our overhead.	Chuyển vào trung tâm làm tăng chi phí gián tiếp.	budget
cash	n.	tiền mặt	The register holds cash overnight in a safe.	Quầy giữ tiền mặt qua đêm trong két.	budget
check	n.	séc	Please make the check payable to the hotel.	Vui lòng ghi séc trả cho khách sạn.	invoice
credit	n.	tín dụng	Your store credit expires in six months.	Tín dụng cửa hàng hết hạn sau sáu tháng.	invoice
debit	n.	ghi nợ	A debit appeared on the account this morning.	Một khoản ghi nợ xuất hiện trên tài khoản sáng nay.	invoice
payment	n.	khoản thanh toán	The final payment is due on the first.	Khoản thanh toán cuối hạn vào mùng 1.	invoice
billing	n.	việc lập hóa đơn	Billing errors should be reported at once.	Lỗi lập hóa đơn phải được báo ngay.	invoice
bookkeeping	n.	sổ sách kế toán	Bookkeeping is done every Friday afternoon.	Sổ sách được ghi mỗi chiều thứ Sáu.	invoice
reconcile	v.	đối chiếu sổ	Please reconcile the receipts with the ledger.	Vui lòng đối chiếu biên lai với sổ cái.	invoice
outstanding	adj.	chưa thanh toán / xuất sắc	Two invoices are still outstanding.	Hai hóa đơn vẫn chưa thanh toán.	invoice
installment	n.	khoản trả góp	You may pay in three monthly installments.	Bạn có thể trả góp ba tháng.	invoice
down	n.	tiền đặt cọc ban đầu	A down payment of 20 percent is required.	Cần đặt cọc ban đầu 20 phần trăm.	budget
collateral	n.	tài sản thế chấp	The van was used as collateral for the loan.	Xe tải được dùng làm tài sản thế chấp khoản vay.	budget
principal	n.	tiền gốc	Pay the principal before extra interest grows.	Trả tiền gốc trước khi lãi tăng thêm.	budget
lender	n.	bên cho vay	The lender approved the small-business loan.	Bên cho vay đã duyệt khoản vay doanh nghiệp nhỏ.	budget
borrower	n.	bên vay	The borrower must show last year's tax form.	Bên vay phảixuất trình tờ khai thuế năm ngoái.	budget
creditworthy	adj.	đủ tín nhiệm	Only creditworthy buyers get this rate.	Chỉ người mua đủ tín nhiệm được lãi này.	budget
default	v.	vỡ nợ	If you default, the equipment may be repossessed.	Nếu vỡ nợ, thiết bị có thể bị thu hồi.	budget
repossess	v.	thu hồi tài sản	The bank may repossess the truck after 90 days.	Ngân hàng có thể thu hồi xe sau 90 ngày.	budget
valuation	n.	định giá	An independent valuation of the building is ready.	Bản định giá độc lập của tòa nhà đã xong.	budget
auction	n.	đấu giá	Office furniture will be sold at auction.	Nội thất văn phòng sẽ bán đấu giá.	inventory
bid	n.	giá dự thầu	The lowest bid won the cleaning contract.	Giá dự thầu thấp nhất thắng hợp đồng dọn dẹp.	invoice
tender	n.	hồ sơ thầu	Submit the tender before noon on Monday.	Nộp hồ sơ thầu trước trưa thứ Hai.	invoice
procurement	n.	mua sắm	Procurement must approve purchases over 500 dollars.	Mua sắm phải duyệt đơn trên 500 đô la.	invoice
purchaser	n.	người mua	The purchaser asked for a longer warranty.	Người mua yêu cầu bảo hành dài hơn.	invoice
markup	n.	biên lợi nhuận cộng thêm	A 15 percent markup covers shipping.	Biên 15 phần trăm gồm cước vận chuyển.	budget
margin	n.	biên lợi nhuận	The store runs on a thin profit margin.	Cửa hàng chạy với biên lợi nhuận mỏng.	budget
stockroom	n.	kho nhỏ	Extra paper is in the stockroom.	Giấy thêm ở kho nhỏ.	inventory
backorder	n.	đơn chờ hàng	The lamp is on backorder until May.	Đèn đang chờ hàng đến tháng Năm.	shipment
restock	v.	nhập hàng lại	Please restock the shelves before opening.	Vui lòng nhập lại kệ trước giờ mở cửa.	inventory
replenish	v.	bổ sung	We will replenish the first-aid kits today.	Chúng tôi sẽ bổ sung hộp sơ cứu hôm nay.	inventory
outage	n.	sự cố mất (điện/mạng)	A power outage stopped the packing line.	Mất điện làm dừng dây chuyền đóng gói.	inventory
blackout	n.	mất điện diện rộng	The blackout lasted forty minutes.	Đợt mất điện kéo dài bốn mươi phút.	headquarters
generator	n.	máy phát điện	The backup generator starts automatically.	Máy phát dự phòng tự khởi động.	inventory
utility	n.	dịch vụ hạ tầng	Utility bills are paid on the tenth.	Hóa đơn điện nước trả vào ngày mùng 10.	invoice
electricity	n.	điện	Electricity in the warehouse is metered separately.	Điện trong kho được đo riêng.	headquarters
plumbing	n.	hệ thống ống nước	Plumbing repairs will close the restroom.	Sửa ống nước sẽ đóng nhà vệ sinh.	headquarters
janitor	n.	nhân viên tạp vụ	The janitor unlocks the building at 6 a.m.	Nhân viên tạp vụ mở cửa lúc 6 giờ sáng.	headquarters
custodian	n.	người trông coi	A custodian checks the lights after closing.	Người trông coi kiểm tra đèn sau giờ đóng.	headquarters
caretaker	n.	người chăm sóc tòa nhà	The caretaker lives on the ground floor.	Người chăm sóc tòa nhà ở tầng trệt.	headquarters
superintendent	n.	quản đốc tòa nhà	Call the superintendent if the heat fails.	Gọi quản đốc nếu máy sưởi hỏng.	headquarters
sublet	v.	cho thuê lại	You may not sublet the office without consent.	Không được cho thuê lại văn phòng khi chưa đồng ý.	authorize
renovation	n.	cải tạo	Renovation of the café starts in August.	Cải tạo quán cà phê bắt đầu tháng Tám.	occupancy
remodel	v.	sửa sang	They will remodel the lobby next winter.	Họ sẽ sửa sang sảnh vào mùa đông tới.	occupancy
refurbish	v.	tân trang	We will refurbish ten rooms this month.	Chúng tôi sẽ tân trang mười phòng tháng này.	occupancy
furnish	v.	trang bị nội thất	The suite is furnished with a meeting table.	Phòng suite được trang bị bàn họp.	reservation
fixture	n.	đồ gắn cố định	Do not remove light fixtures from the wall.	Không tháo đèn gắn tường.	inventory
appliance	n.	thiết bị gia dụng	Each kitchen has a new appliance set.	Mỗi bếp có bộ thiết bị mới.	inventory
turndown	n.	dịch vụ dọn phòng tối	Turndown service begins at 8 p.m.	Dịch vụ dọn phòng tối bắt đầu lúc 8 giờ tối.	reservation
minibar	n.	tủ minibar	Please note minibar charges on your bill.	Vui lòng xem phí minibar trên hóa đơn.	complimentary
bathrobe	n.	áo choàng tắm	A bathrobe hangs in the closet.	Áo choàng tắm treo trong tủ.	reservation
toiletry	n.	đồ vệ sinh cá nhân	Extra toiletries are at the front desk.	Đồ vệ sinh thêm có ở quầy lễ tân.	complimentary
linen	n.	khăn trải / khăn vải	Fresh linen is delivered twice a week.	Khăn vải sạch được giao hai lần mỗi tuần.	reservation
laundry	n.	giặt là	Laundry bags are in the wardrobe.	Túi giặt là ở trong tủ áo.	reservation
dry	n.	giặt khô	Dry cleaning returns in 24 hours.	Giặt khô trả trong 24 giờ.	reservation
ironing	n.	là ủi	An ironing board is behind the door.	Cầu là ở sau cánh cửa.	reservation
wake	n.	dịch vụ đánh thức	Request a wake-up call at the desk.	Yêu cầu đánh thức tại quầy.	reservation
doorman	n.	người gác cửa	The doorman will hail a taxi for you.	Người gác cửa sẽ gọi taxi giúp bạn.	reservation
bellhop	n.	nhân viên khuân vác	A bellhop will take your bags upstairs.	Nhân viên khuân vác sẽ xách túi lên lầu.	reservation
porter	n.	người khuân vác	The porter can store luggage until evening.	Người khuân vác có thể giữ hành lý đến tối.	reservation
valet	n.	nhân viên giữ xe	Valet parking is available at the side door.	Giữ xe có ở cửa bên.	reservation
carry-on	n.	hành lý xách tay	One carry-on bag is allowed in the cabin.	Được mang một túi xách tay lên cabin.	itinerary
checked	adj.	ký gửi	Checked bags may be collected at carousel 4.	Hành lý ký gửi lấy ở băng 4.	itinerary
overweight	adj.	quá cân	An overweight bag will incur an extra fee.	Túi quá cân sẽ bị phụ phí.	itinerary
oversized	adj.	quá khổ	Oversized items must go to the oversize counter.	Đồ quá khổ phải ra quầy hàng cồng kềnh.	itinerary
turbulence	n.	nhiễu động	The captain warned of light turbulence.	Cơ trưởng cảnh báo nhiễu động nhẹ.	itinerary
jet	n.	máy bay phản lực	The jet to Taipei leaves at dusk.	Máy bay phản lực đi Đài Bắc rời lúc chạng vạng.	itinerary
runway	n.	đường băng	Fog closed the runway for an hour.	Sương mù đóng đường băng một giờ.	itinerary
taxiway	n.	đường lăn	The plane waited on the taxiway.	Máy bay chờ trên đường lăn.	itinerary
hangar	n.	nhà chứa máy bay	Maintenance is done in the hangar.	Bảo trì được làm trong nhà chứa máy bay.	itinerary
cockpit	n.	buồng lái	Only crew may enter the cockpit.	Chỉ phi hành đoàn được vào buồng lái.	itinerary
cabin	n.	cabin	The cabin lights dim after takeoff.	Đèn cabin mờ sau khi cất cánh.	itinerary
takeoff	n.	cất cánh	Please remain seated during takeoff.	Vui lòng ngồi yên khi cất cánh.	itinerary
landing	n.	hạ cánh	Landing is expected at 4:10 p.m.	Hạ cánh dự kiến lúc 4:10 chiều.	itinerary
altitude	n.	độ cao	The aircraft reached cruising altitude.	Máy bay đạt độ cao hành trình.	itinerary
turbine	n.	tuabin	Engineers inspected the turbine overnight.	Kỹ sư kiểm tra tuabin qua đêm.	inventory
fuel	n.	nhiên liệu	Fuel prices raised the airfares.	Giá nhiên liệu làm tăng vé máy bay.	itinerary
airfare	n.	giá vé máy bay	The cheapest airfare includes one bag.	Giá vé rẻ nhất gồm một kiện hành lý.	itinerary
standby	n.	chờ vé	Standby seats may open at the gate.	Ghế chờ vé có thể mở ở cổng.	itinerary
downgrade	n.	hạ hạng	A downgrade comes with a partial refund.	Hạ hạng kèm hoàn một phần tiền.	itinerary
rebook	v.	đặt lại	The agent will rebook you on the next flight.	Nhân viên sẽ đặt lại chuyến sau cho bạn.	itinerary
reroute	v.	đổi tuyến	Storms forced the airline to reroute planes.	Bão buộc hãng đổi tuyến máy bay.	itinerary
stopover	n.	điểm dừng	There is a one-night stopover in Doha.	Có một đêm dừng ở Doha.	itinerary
direct	adj.	bay thẳng	A direct flight is shorter than a connecting one.	Chuyến bay thẳng ngắn hơn chuyến nối.	itinerary
nonstop	adj.	không dừng	The nonstop service to Busan starts in July.	Chuyến không dừng tới Busan bắt đầu tháng Bảy.	itinerary
charter	n.	chuyến thuê bao	The company booked a charter for the team.	Công ty thuê chuyến charter cho đoàn.	itinerary
commuter	n.	người đi làm	Commuters fill the 7:15 train every weekday.	Người đi làm đông trên tàu 7:15 ngày thường.	itinerary
express	n.	tàu/xe tốc hành	The airport express runs every 20 minutes.	Tàu tốc hành sân bay chạy mỗi 20 phút.	itinerary
local	n.	tàu dừng nhiều ga	Take the local train if you need Station 8.	Đi tàu dừng nhiều ga nếu bạn cần ga 8.	itinerary
platform	n.	sân ga	Wait on platform 3 for the northbound train.	Chờ ở sân ga 3 cho tàu hướng bắc.	itinerary
timetable	n.	bảng giờ	A new timetable takes effect on Monday.	Bảng giờ mới có hiệu lực thứ Hai.	deadline
punctuality	n.	sự đúng giờ	Punctuality is part of the driver's review.	Sự đúng giờ nằm trong đánh giá tài xế.	deadline
detour	n.	đường vòng	Follow the detour around the closed bridge.	Đi đường vòng tránh cầu đóng.	itinerary
congestion	n.	tình trạng ùn tắc	Morning congestion is worse near the port.	Ùn tắc sáng nặng hơn gần cảng.	shipment
toll	n.	phí cầu đường	The toll is paid at the booth by card.	Phí cầu đường trả bằng thẻ ở quầy.	itinerary
zone	n.	vùng	This ticket is valid in zone 1 and 2.	Vé này có hiệu lực ở vùng 1 và 2.	itinerary
pass	n.	vé thông hành	A weekly pass is cheaper for commuters.	Vé tuần rẻ hơn cho người đi làm.	itinerary
token	n.	jeton	The old subway still uses a metal token.	Tàu điện cũ vẫn dùng jeton kim loại.	itinerary
kiosk	n.	ki-ốt	Buy a city map at the tourist kiosk.	Mua bản đồ ở ki-ốt du lịch.	brochure
guidebook	n.	sách hướng dẫn	The guidebook lists quiet cafés nearby.	Sách hướng dẫn liệt kê quán cà phê yên gần đó.	itinerary
landmark	n.	địa danh	The clock tower is a local landmark.	Tháp đồng hồ là địa danh địa phương.	itinerary
attraction	n.	điểm tham quan	The museum is the city's top attraction.	Bảo tàng là điểm tham quan hàng đầu.	itinerary
admission	n.	phí vào cửa	Admission is free on the first Sunday.	Vào cửa miễn phí Chủ nhật đầu tháng.	brochure
postcard	n.	bưu thiếp	Postcards are sold at the gift counter.	Bưu thiếp bán ở quầy quà.	brochure
rate	n.	tỷ giá / mức	The room rate includes tax.	Giá phòng đã gồm thuế.	reservation
tip	n.	tiền tip	A 10 percent tip is customary here.	Tiền tip 10 phần trăm là thông lệ ở đây.	complimentary
tab	n.	hóa đơn quán	Please put the coffee on my tab.	Làm ơn ghi cà phê vào hóa đơn của tôi.	complimentary
split	v.	chia (hóa đơn)	We can split the bill into three parts.	Chúng ta có thể chia hóa đơn làm ba.	complimentary
waitlist	n.	danh sách chờ	Your name is on the waitlist for 7 p.m.	Tên bạn ở danh sách chờ lúc 7 giờ tối.	reservation
no-show	n.	khách đặt rồi không đến	A no-show still counts against occupancy.	Khách không đến vẫn tính vào công suất.	occupancy
overbook	v.	đặt quá số chỗ	Airlines sometimes overbook popular flights.	Hãng đôi khi đặt quá chỗ chuyến đông.	itinerary
walk-in	n.	khách vãng lai	Walk-in guests may wait for a canceled table.	Khách vãng lai có thể chờ bàn bị hủy.	reservation
hostess	n.	người dẫn chỗ	The hostess will seat you in a moment.	Người dẫn chỗ sẽ mời bạn ngồi ngay.	complimentary
waiter	n.	bồi bàn nam	Ask the waiter for the wine list.	Hỏi bồi bàn danh sách rượu.	complimentary
waitress	n.	bồi bàn nữ	The waitress brought extra napkins.	Bồi bàn mang thêm khăn giấy.	complimentary
chef	n.	bếp trưởng	The chef changes the menu each season.	Bếp trưởng đổi thực đơn mỗi mùa.	complimentary
cuisine	n.	ẩm thực	The hotel is known for regional cuisine.	Khách sạn nổi tiếng ẩm thực vùng.	complimentary
specialty	n.	món đặc trưng	Grilled fish is the house specialty.	Cá nướng là món đặc trưng của quán.	complimentary
entree	n.	món chính	The entree comes with soup or salad.	Món chính kèm súp hoặc salad.	complimentary
refill	n.	đổ thêm	Coffee refills are free during breakfast.	Đổ thêm cà phê miễn phí lúc ăn sáng.	complimentary
a-la-carte	adj.	gọi món	A-la-carte dining starts at 6 p.m.	Gọi món bắt đầu lúc 6 giờ tối.	complimentary
vegetarian	adj.	chay	Vegetarian meals can be requested in advance.	Suất chay có thể yêu cầu trước.	complimentary
allergy	n.	dị ứng	Please tell the kitchen about any food allergy.	Hãy báo bếp nếu bị dị ứng thức ăn.	complimentary
ingredient	n.	nguyên liệu	The soup's ingredients are listed on the board.	Nguyên liệu súp được ghi trên bảng.	inventory
recipe	n.	công thức	The chef will not share the secret recipe.	Bếp trưởng không chia sẻ công thức bí mật.	complimentary
portion	n.	khẩu phần	Lunch portions are smaller than dinner ones.	Khẩu phần trưa nhỏ hơn bữa tối.	complimentary
platter	n.	đĩa lớn	A fruit platter is on the conference table.	Đĩa trái cây ở bàn hội nghị.	conference
cater	v.	cung cấp đồ ăn	A local shop will cater the afternoon break.	Một tiệm địa phương sẽ cung cấp đồ ăn giờ giải lao.	conference
reception	n.	tiệc chiêu đãi / lễ tân	A welcome reception begins at 6:30.	Tiệc chào mừng bắt đầu lúc 6:30.	conference
cocktail	n.	tiệc cocktail	The cocktail hour is in the courtyard.	Giờ cocktail ở sân trong.	conference
toast	n.	lời nâng ly	The director gave a short toast.	Giám đốc nói một lời nâng ly ngắn.	conference
keynote	n.	bài phát biểu chính	The keynote will be translated live.	Bài phát biểu chính sẽ được dịch trực tiếp.	conference
panel	n.	tọa đàm	The panel includes three hotel managers.	Tọa đàm có ba quản lý khách sạn.	conference
moderator	n.	người điều phối	A moderator will keep the debate on time.	Người điều phối giữ cuộc tranh luận đúng giờ.	conference
attendee	n.	người tham dự	Each attendee receives a printed agenda.	Mỗi người tham dự nhận chương trình in.	conference
organizer	n.	ban tổ chức	The organizer posted a map of the halls.	Ban tổ chức dán bản đồ các hội trường.	conference
sponsor	n.	nhà tài trợ	A sponsor provided the lanyards.	Nhà tài trợ cung cấp dây đeo thẻ.	brochure
exhibitor	n.	đơn vị trưng bày	Exhibitors may set up after 7 a.m.	Đơn vị trưng bày được bày sau 7 giờ sáng.	conference
handout	n.	tài liệu phát	Please take one handout per person.	Vui lòng lấy một tài liệu mỗi người.	conference
proceedings	n.	kỷ yếu	The proceedings will be emailed next week.	Kỷ yếu sẽ được gửi email tuần tới.	conference
networking	n.	giao lưu nghề nghiệp	Networking is scheduled after the last talk.	Giao lưu nghề nghiệp sau bài nói cuối.	conference
breakout	n.	phiên nhóm nhỏ	Join a breakout on hotel marketing.	Tham gia phiên nhóm nhỏ về marketing khách sạn.	conference
plenary	n.	phiên toàn thể	The plenary meets in Hall A.	Phiên toàn thể họp ở hội trường A.	conference
adjournment	n.	việc tạm nghỉ	Adjournment is expected at 5 p.m.	Tạm nghỉ dự kiến lúc 5 giờ chiều.	deadline
quorum	n.	số đại biểu tối thiểu	We cannot vote without a quorum.	Không thể bỏ phiếu khi chưa đủ số đại biểu.	conference
motion	n.	kiến nghị	Someone seconded the motion to extend hours.	Có người tán thành kiến nghị kéo dài giờ.	conference
ballot	n.	phiếu bầu	Place your ballot in the sealed box.	Bỏ phiếu vào hộp niêm phong.	conference
unanimous	adj.	đồng thuận	The board reached a unanimous decision.	Hội đồng đi đến quyết định đồng thuận.	conference
majority	n.	đa số	A majority voted for the new logo.	Đa số bỏ phiếu cho logo mới.	brochure
chairperson	n.	chủ tọa	The chairperson opened the annual meeting.	Chủ tọa khai mạc cuộc họp thường niên.	conference
vice	n.	phó	The vice president will chair if she is away.	Phó chủ tịch sẽ chủ trì nếu cô ấy vắng.	headquarters
treasurer	n.	thủ quỹ	The treasurer presented the yearly figures.	Thủ quỹ trình bày số liệu năm.	budget
bylaw	n.	nội quy	A bylaw change needs a two-thirds vote.	Sửa nội quy cần hai phần ba phiếu.	authorize
membership	n.	tư cách thành viên	Membership includes use of the lounge.	Tư cách thành viên gồm dùng phòng lounge.	brochure
dues	n.	phí hội viên	Annual dues are collected in January.	Phí hội viên thu vào tháng Giêng.	budget
newsletter	n.	bản tin	The newsletter is mailed on the first Monday.	Bản tin được gửi thứ Hai đầu tháng.	memo
press	n.	báo chí	The press will wait in the briefing room.	Báo chí chờ ở phòng họp báo.	conference
journalist	n.	nhà báo	A journalist asked about the merger.	Một nhà báo hỏi về vụ sáp nhập.	brochure
headline	n.	tít báo	The headline mentioned the new factory.	Tít báo nhắc nhà máy mới.	brochure
article	n.	bài báo	Please clip the article for the files.	Vui lòng cắt bài báo lưu hồ sơ.	memo
editorial	n.	xã luận	The editorial praised the safety record.	Xã luận khen thành tích an toàn.	brochure
quote	n.	lời trích / báo giá	May I quote you in tomorrow's paper?	Tôi có thể trích lời bạn trên báo mai không?	brochure
embargo	n.	lệnh cấm đưa tin	The report is under embargo until noon.	Báo cáo bị cấm đưa tin đến trưa.	memo
release	n.	thông cáo	A press release will go out at 9 a.m.	Thông cáo báo chí sẽ ra lúc 9 giờ sáng.	brochure
target	n.	đối tượng / mục tiêu	Young travelers are the campaign's target.	Khách trẻ là đối tượng của chiến dịch.	brochure
segment	n.	phân khúc	We added a segment for family travelers.	Chúng tôi thêm phân khúc khách gia đình.	brochure
niche	n.	thị phần ngách	The shop found a niche in handmade soaps.	Cửa hàng tìm được ngách xà phòng handmade.	brochure
branding	n.	xây dựng thương hiệu	Branding on the vans must match the logo.	Thương hiệu trên xe phải khớp logo.	brochure
rebrand	v.	đổi nhận diện	The chain will rebrand next spring.	Chuỗi sẽ đổi nhận diện vào mùa xuân tới.	brochure
tagline	n.	câu khẩu hiệu phụ	The tagline appears under every logo.	Câu khẩu hiệu phụ nằm dưới mọi logo.	brochure
mascot	n.	linh vật	A cat mascot greets children in the lobby.	Linh vật mèo chào trẻ ở sảnh.	brochure
endorsement	n.	sự chứng thực	The chef's endorsement lifted soup sales.	Sự chứng thực của bếp trưởng làm tăng bán súp.	brochure
testimonial	n.	lời chứng thực	A guest testimonial is printed on the flyer.	Lời chứng thực của khách được in trên tờ rơi.	brochure
influencer	n.	người có ảnh hưởng	An influencer filmed the new suite.	Người có ảnh hưởng quay phòng suite mới.	brochure
hashtag	n.	hashtag	Use the event hashtag on every post.	Dùng hashtag sự kiện trên mọi bài đăng.	brochure
website	n.	trang web	The website lists live room availability.	Trang web liệt kê phòng còn trống.	reservation
homepage	n.	trang chủ	A booking button sits on the homepage.	Nút đặt phòng nằm ở trang chủ.	brochure
browser	n.	trình duyệt	The form works in every major browser.	Mẫu đơn chạy trên mọi trình duyệt lớn.	memo
click	v.	nhấp	Click the blue button to confirm.	Nhấp nút xanh để xác nhận.	memo
link	n.	liên kết	The reset link expires in 20 minutes.	Liên kết đặt lại hết hạn sau 20 phút.	memo
login	n.	đăng nhập	A new login is required after the upgrade.	Cần đăng nhập mới sau khi nâng cấp.	authorize
logout	v.	đăng xuất	Please logout when you leave the desk.	Vui lòng đăng xuất khi rời bàn.	authorize
username	n.	tên đăng nhập	Your username is the company email.	Tên đăng nhập là email công ty.	authorize
profile	n.	hồ sơ tài khoản	Update your profile photo this week.	Cập nhật ảnh hồ sơ tuần này.	memo
settings	n.	cài đặt	Language settings are under the gear icon.	Cài đặt ngôn ngữ ở biểu tượng bánh răng.	memo
notification	n.	thông báo	Turn off sound for night notifications.	Tắt tiếng thông báo ban đêm.	memo
spam	n.	thư rác	Move spam to the junk folder.	Chuyển thư rác vào thư mục junk.	memo
inbox	n.	hộp thư đến	Check the inbox before the meeting.	Xem hộp thư đến trước cuộc họp.	memo
outbox	n.	hộp thư đi	A stuck message is sitting in the outbox.	Một thư bị kẹt trong hộp thư đi.	memo
attachment	n.	tệp đính kèm	The attachment is too large to send.	Tệp đính kèm quá lớn để gửi.	memo
folder	n.	thư mục	Put invoices in the tax folder.	Để hóa đơn vào thư mục thuế.	invoice
file	n.	tệp / hồ sơ	Save the file with yesterday's date.	Lưu tệp với ngày hôm qua.	memo
cloud	n.	điện toán đám mây	Photos are stored in the cloud.	Ảnh được lưu trên đám mây.	memo
sync	v.	đồng bộ	The phone will sync contacts overnight.	Điện thoại sẽ đồng bộ danh bạ qua đêm.	memo
offline	adj.	ngoại tuyến	The catalog can be read offline.	Danh mục có thể đọc khi ngoại tuyến.	brochure
online	adj.	trực tuyến	Online check-in opens 24 hours before the flight.	Làm thủ tục trực tuyến mở 24 giờ trước chuyến bay.	itinerary
digital	adj.	kỹ thuật số	A digital copy is emailed after payment.	Bản kỹ thuật số được gửi email sau khi thanh toán.	invoice
paperless	adj.	không giấy	The office is moving to paperless billing.	Văn phòng chuyển sang lập hóa đơn không giấy.	invoice
sustainable	adj.	bền vững	The inn uses sustainable cleaning products.	Nhà nghỉ dùng đồ vệ sinh bền vững.	brochure
eco-friendly	adj.	thân thiện môi trường	Eco-friendly packaging replaced plastic wrap.	Bao bì thân thiện môi trường thay màng nhựa.	brochure
carbon	n.	carbon	The firm tracks carbon from company flights.	Công ty theo dõi carbon từ chuyến bay công tác.	itinerary
emission	n.	khí thải	New trucks cut emission levels by 20 percent.	Xe tải mới giảm khí thải 20 phần trăm.	shipment
pollution	n.	ô nhiễm	The plant reduced water pollution last year.	Nhà máy giảm ô nhiễm nước năm ngoái.	inventory
waste	n.	rác thải	Food waste is collected in a separate bin.	Rác thức ăn được thu ở thùng riêng.	inventory
landfill	n.	bãi chôn lấp	Less packaging means less landfill.	Ít bao bì hơn nghĩa là ít chôn lấp hơn.	inventory
compost	n.	phân ủ	Kitchen scraps go into the compost bin.	Rác bếp cho vào thùng phân ủ.	inventory
organic	adj.	hữu cơ	The café serves organic tea in the lounge.	Quán phục vụ trà hữu cơ ở lounge.	complimentary
fair	adj.	công bằng / thương mại công bằng	The shop sells fair-trade coffee.	Cửa hàng bán cà phê thương mại công bằng.	brochure
ethical	adj.	đạo đức	Ethical sourcing is listed in the annual report.	Nguồn hàng đạo đức được ghi trong báo cáo năm.	brochure
transparency	n.	minh bạch	Price transparency helps guests compare rooms.	Minh bạch giá giúp khách so phòng.	reservation
accountability	n.	trách nhiệm giải trình	Managers accept accountability for safety.	Quản lý nhận trách nhiệm giải trình về an toàn.	employee
integrity	n.	chính trực	Integrity is part of the hiring interview.	Chính trực nằm trong buổi phỏng vấn tuyển.	applicant
compliance	n.	tuân thủ	A compliance officer reviews every contract.	Nhân viên tuân thủ rà soát mọi hợp đồng.	authorize
inspector	n.	thanh tra	A fire inspector will visit on Thursday.	Thanh tra PCCC sẽ đến vào thứ Năm.	authorize
violation	n.	vi phạm	A parking violation may result in a fine.	Vi phạm đỗ xe có thể bị phạt.	authorize
fine	n.	tiền phạt	The fine for smoking indoors is 50 dollars.	Tiền phạt hút thuốc trong nhà là 50 đô la.	authorize
citation	n.	biên bản phạt	The driver received a citation for blocking the dock.	Tài xế nhận biên bản vì chặn bến.	shipment
hazard	n.	mối nguy	Wet floors are a slipping hazard.	Sàn ướt là mối nguy trượt.	inventory
precaution	n.	biện pháp phòng ngừa	Wear goggles as a precaution.	Đeo kính bảo hộ làm biện pháp phòng ngừa.	inventory
emergency	n.	tình huống khẩn	The emergency exit is behind the stage.	Lối thoát khẩn ở sau sân khấu.	conference
evacuation	n.	sơ tán	Evacuation maps are posted by the stairs.	Bản đồ sơ tán dán cạnh cầu thang.	headquarters
assembly	n.	điểm tập trung	Meet at the assembly point in the parking lot.	Tập trung ở điểm tập trung trong bãi xe.	headquarters
extinguisher	n.	bình chữa cháy	An extinguisher hangs next to the kitchen.	Bình chữa cháy treo cạnh bếp.	inventory
sprinkler	n.	vòi phun chữa cháy	A sprinkler test will run at dawn.	Thử vòi phun sẽ chạy lúc bình minh.	headquarters
alarm	n.	chuông báo	Do not ignore a fire alarm.	Không bỏ qua chuông báo cháy.	authorize
drill	n.	buổi diễn tập	A fire drill is held every quarter.	Diễn tập cháy được tổ chức mỗi quý.	employee
first-aid	n.	sơ cứu	A first-aid kit is at the reception desk.	Hộp sơ cứu ở quầy lễ tân.	reservation
paramedic	n.	nhân viên cấp cứu	A paramedic is on call during the festival.	Nhân viên cấp cứu trực trong lễ hội.	employee
clinic	n.	phòng khám	The staff clinic opens at 8 a.m.	Phòng khám nhân viên mở lúc 8 giờ sáng.	employee
pharmacy	n.	nhà thuốc	The nearest pharmacy is two blocks east.	Nhà thuốc gần nhất cách hai khối phố về phía đông.	itinerary
prescription	n.	đơn thuốc	A prescription is required for this medicine.	Cần đơn thuốc cho loại thuốc này.	authorize
copay	n.	khoản đồng chi trả	The clinic copay is 15 dollars.	Khoản đồng chi trả phòng khám là 15 đô la.	invoice
adjuster	n.	giám định viên bảo hiểm	An adjuster photographed the damaged crates.	Giám định viên chụp các thùng bị hỏng.	shipment
beneficiary	n.	người thụ hưởng	Name a beneficiary on the policy form.	Ghi người thụ hưởng trên mẫu hợp đồng.	authorize
policyholder	n.	chủ hợp đồng bảo hiểm	The policyholder must report theft within 24 hours.	Chủ hợp đồng phải báo trộm trong 24 giờ.	authorize
underwrite	v.	bảo lãnh bảo hiểm	The firm will underwrite the event insurance.	Công ty sẽ bảo lãnh bảo hiểm sự kiện.	authorize
negligence	n.	sơ suất	The report found no negligence by the driver.	Báo cáo không thấy sơ suất của tài xế.	authorize
damages	n.	tiền bồi thường thiệt hại	The court awarded damages to the hotel.	Tòa án tuyên tiền bồi thường cho khách sạn.	authorize
settlement	n.	thỏa thuận bồi thường	A settlement ended the dispute last week.	Thỏa thuận bồi thường chấm dứt tranh chấp tuần trước.	authorize
dispute	n.	tranh chấp	A billing dispute should go to accounting.	Tranh chấp hóa đơn nên gửi kế toán.	invoice
mediation	n.	hòa giải	Mediation is cheaper than a lawsuit.	Hòa giải rẻ hơn kiện tụng.	authorize
arbitration	n.	trọng tài	The contract requires arbitration in Singapore.	Hợp đồng yêu cầu trọng tài tại Singapore.	authorize
plaintiff	n.	nguyên đơn	The plaintiff asked for a public apology.	Nguyên đơn yêu cầu xin lỗi công khai.	authorize
defendant	n.	bị đơn	The defendant has 14 days to reply.	Bị đơn có 14 ngày để trả lời.	authorize
verdict	n.	phán quyết	The verdict was announced at noon.	Phán quyết được công bố lúc trưa.	authorize
appeal	n.	kháng cáo	An appeal must be filed within 30 days.	Kháng cáo phải nộp trong 30 ngày.	authorize
hearing	n.	phiên điều trần	The hearing is open to the public.	Phiên điều trần mở cho công chúng.	authorize
subpoena	n.	trát đòi hầu tòa	A subpoena was delivered to the office.	Trát đòi hầu tòa được giao tới văn phòng.	authorize
testimony	n.	lời khai	Her testimony lasted two hours.	Lời khai của cô ấy kéo dài hai giờ.	authorize
affidavit	n.	bản khai có tuyên thệ	Sign the affidavit in front of a notary.	Ký bản khai trước công chứng viên.	authorize
notary	n.	công chứng viên	A notary sits in room 12 on Tuesdays.	Công chứng viên ngồi phòng 12 vào thứ Ba.	authorize
stamp	n.	con dấu	The clerk put a stamp on each page.	Nhân viên đóng dấu mỗi trang.	authorize
seal	n.	dấu niêm phong	Break the seal only when the goods arrive.	Chỉ bẻ dấu niêm khi hàng đến.	shipment
notarize	v.	công chứng	We must notarize the power of attorney.	Chúng tôi phải công chứng giấy ủy quyền.	authorize
proxy	n.	ủy quyền đại diện	You may vote by proxy if you cannot attend.	Bạn có thể bỏ phiếu ủy quyền nếu không dự.	conference
revocation	n.	thu hồi	Revocation of the permit takes effect today.	Việc thu hồi giấy phép có hiệu lực hôm nay.	authorize
suspension	n.	đình chỉ	A license suspension lasts 90 days.	Đình chỉ giấy phép kéo dài 90 ngày.	authorize
renewal	n.	gia hạn	Submit a renewal 30 days before expiry.	Nộp gia hạn 30 ngày trước khi hết hạn.	deadline
amendment	n.	sửa đổi	An amendment was added to clause 4.	Một sửa đổi được thêm vào điều 4.	authorize
addendum	n.	phụ lục	See the addendum for shipping rates.	Xem phụ lục về cước vận chuyển.	shipment
appendix	n.	phụ lục (cuối tài liệu)	Charts are in the appendix.	Biểu đồ nằm ở phụ lục.	memo
exhibit	n.	tài liệu đính kèm vụ việc	Exhibit B shows the original invoice.	Tài liệu B cho thấy hóa đơn gốc.	invoice
stipulation	n.	quy định trong hợp đồng	One stipulation forbids overnight parking.	Một quy định cấm đỗ xe qua đêm.	authorize
waiver	n.	giấy từ bỏ quyền	Sign a waiver before using the gym.	Ký giấy từ bỏ quyền trước khi dùng phòng gym.	authorize
waive	v.	miễn	The hotel will waive the cancellation fee.	Khách sạn sẽ miễn phí hủy.	reservation
opt-in	n.	đăng ký nhận	Email opt-in is confirmed with a link.	Đăng ký nhận email được xác nhận bằng liên kết.	brochure
opt-out	v.	hủy nhận	You may opt-out of marketing mail anytime.	Bạn có thể hủy nhận thư marketing bất cứ lúc nào.	brochure
privacy	n.	quyền riêng tư	The privacy notice is posted at check-in.	Thông báo quyền riêng tư được dán lúc nhận phòng.	authorize
cookie	n.	cookie (web)	The site uses a cookie to save language.	Trang dùng cookie để lưu ngôn ngữ.	brochure
encryption	n.	mã hóa	Encryption protects card numbers in transit.	Mã hóa bảo vệ số thẻ khi truyền.	authorize
firewall	n.	tường lửa	The firewall blocked an unknown login.	Tường lửa chặn một lần đăng nhập lạ.	authorize
malware	n.	mã độc	Do not install software that may contain malware.	Không cài phần mềm có thể chứa mã độc.	memo
phishing	n.	lừa đảo qua mạng	Delete phishing mail that asks for passwords.	Xóa thư lừa đảo hỏi mật khẩu.	memo
downtime	n.	thời gian ngừng hệ thống	Overnight downtime is used for updates.	Thời gian ngừng đêm dùng để cập nhật.	memo
uptime	n.	thời gian hệ thống chạy	The booking site had 99 percent uptime.	Trang đặt phòng chạy 99 phần trăm thời gian.	reservation
bandwidth	n.	băng thông	Video calls use more bandwidth than mail.	Gọi video dùng băng thông nhiều hơn thư.	memo
latency	n.	độ trễ mạng	High latency made the call choppy.	Độ trễ cao làm cuộc gọi bị ngắt quãng.	memo
router	n.	bộ định tuyến	The router is in the locked closet.	Bộ định tuyến ở tủ khóa.	headquarters
modem	n.	modem	A new modem will arrive on Tuesday.	Modem mới sẽ đến vào thứ Ba.	inventory
hotspot	n.	điểm phát wifi	A guest hotspot is available in the lobby.	Điểm phát wifi khách có ở sảnh.	reservation
ethernet	n.	mạng dây	Meeting rooms still have ethernet ports.	Phòng họp vẫn có cổng mạng dây.	conference
adapter	n.	bộ chuyển	An adapter for UK plugs is at the desk.	Bộ chuyển phích cắm Anh có ở quầy.	itinerary
charger	n.	bộ sạc	A phone charger can be borrowed at reception.	Bộ sạc điện thoại có thể mượn ở lễ tân.	reservation
battery	n.	pin	The scanner battery lasts one shift.	Pin máy quét dùng được một ca.	inventory
toner	n.	mực in	Order toner when the light turns red.	Đặt mực in khi đèn đỏ.	inventory
cartridge	n.	hộp mực	Shake the cartridge before you install it.	Lắc hộp mực trước khi lắp.	inventory
paper	n.	giấy	Letter-size paper is in the cabinet.	Giấy khổ thư ở trong tủ.	memo
clip	n.	kẹp giấy	Paper clips are in the middle drawer.	Kẹp giấy ở ngăn giữa.	memo
staple	n.	ghim	Do not put staples in the scanner.	Không cho ghim vào máy quét.	memo
binder	n.	bìa còng	The training binder is on the shelf.	Bìa còng đào tạo ở trên kệ.	employee
whiteboard	n.	bảng trắng	Wipe the whiteboard after the class.	Xóa bảng trắng sau buổi học.	conference
marker	n.	bút lông	Only use dry-erase markers on this board.	Chỉ dùng bút xóa được trên bảng này.	conference
flipchart	n.	bảng giấy lật	A flipchart stands by the window.	Bảng giấy lật đứng cạnh cửa sổ.	conference
podium	n.	bục	The microphone is clipped to the podium.	Micro kẹp trên bục.	conference
microphone	n.	micro	Test the microphone before guests arrive.	Thử micro trước khi khách đến.	conference
headset	n.	tai nghe	Interpreters will wear a headset.	Phiên dịch sẽ đeo tai nghe.	conference
interpreter	n.	phiên dịch viên	An interpreter sits in the back row.	Phiên dịch viên ngồi hàng sau.	conference
translation	n.	bản dịch	A translation of the menu is on the table.	Bản dịch thực đơn ở trên bàn.	complimentary
bilingual	adj.	song ngữ	Bilingual staff work at the information desk.	Nhân viên song ngữ làm ở quầy thông tin.	employee
fluency	n.	độ trôi chảy	Fluency in Korean is a plus for this post.	Trôi chảy tiếng Hàn là lợi thế cho vị trí này.	applicant
accent	n.	giọng	Guests had no trouble with her accent.	Khách không khó nghe giọng cô ấy.	employee
idiom	n.	thành ngữ	Avoid idiom in safety instructions.	Tránh thành ngữ trong hướng dẫn an toàn.	memo
jargon	n.	thuật ngữ ngành	Replace jargon with plain words for guests.	Đổi thuật ngữ ngành thành lời dễ cho khách.	brochure
plain	adj.	dễ hiểu	Write signs in plain language.	Viết biển bằng ngôn ngữ dễ hiểu.	brochure
concise	adj.	ngắn gọn	Keep the email concise and polite.	Giữ email ngắn gọn và lịch sự.	memo
legible	adj.	dễ đọc	Write your name in legible letters.	Viết tên bằng chữ dễ đọc.	memo
illegible	adj.	khó đọc	The signature on the form is illegible.	Chữ ký trên mẫu khó đọc.	authorize
proofread	v.	đọc soát	Please proofread the brochure before printing.	Vui lòng đọc soát tờ brochure trước khi in.	brochure
typo	n.	lỗi đánh máy	A typo in the price list caused confusion.	Lỗi đánh máy trong bảng giá gây nhầm.	brochure
edit	v.	biên tập	Edit the draft before the director sees it.	Biên tập bản nháp trước khi giám đốc xem.	memo
rewrite	v.	viết lại	Rewrite the apology in a calmer tone.	Viết lại lời xin lỗi với giọng ôn hòa hơn.	memo
format	v.	định dạng	Format the report with page numbers.	Định dạng báo cáo có số trang.	memo
template	n.	mẫu sẵn	Use the letter template on the shared drive.	Dùng mẫu thư trên ổ dùng chung.	memo
letterhead	n.	tiêu đề giấy công ty	Print contracts on official letterhead.	In hợp đồng trên giấy tiêu đề công ty.	memo
watermark	n.	hình mờ	A draft watermark appears on each page.	Hình mờ bản nháp hiện trên mỗi trang.	memo
font	n.	phông chữ	Use the same font as last year's catalog.	Dùng cùng phông chữ với danh mục năm ngoái.	brochure
layout	n.	bố cục	The layout leaves room for a map.	Bố cục chừa chỗ cho bản đồ.	brochure
spacing	n.	giãn dòng	Increase spacing so the text is easier to read.	Tăng giãn dòng để dễ đọc hơn.	memo
bullet	n.	gạch đầu dòng	Use bullets for the three main benefits.	Dùng gạch đầu dòng cho ba lợi ích chính.	brochure
heading	n.	tiêu đề mục	Each heading should be in bold.	Mỗi tiêu đề mục nên in đậm.	memo
caption	n.	chú thích ảnh	Write a caption under every photo.	Viết chú thích dưới mỗi ảnh.	brochure
illustration	n.	minh họa	The illustration shows how to fold the map.	Minh họa cho thấy cách gấp bản đồ.	brochure
graphic	n.	đồ họa	A graphic of the airport is on page two.	Đồ họa sân bay ở trang hai.	itinerary
icon	n.	biểu tượng	A suitcase icon marks the luggage claim.	Biểu tượng vali đánh dấu nơi lấy hành lý.	itinerary
royalty	n.	tiền bản quyền	The designer receives a royalty on each sale.	Nhà thiết kế nhận tiền bản quyền mỗi lần bán.	budget
franchise	n.	nhượng quyền	A new franchise will open near the station.	Cửa hàng nhượng quyền mới sẽ mở gần ga.	headquarters
outlet	n.	cửa hàng chi nhánh	The outlet store sells last season's bags.	Cửa hàng chi nhánh bán túi mùa trước.	brochure
flagship	n.	cửa hàng chính	The flagship store is on the main square.	Cửa hàng chính ở quảng trường lớn.	headquarters
boutique	n.	cửa hàng nhỏ	A boutique in the lobby sells local crafts.	Cửa hàng nhỏ ở sảnh bán đồ thủ công.	brochure
vending	n.	máy bán hàng tự động	The vending machine on floor 3 takes cards.	Máy bán hàng tầng 3 nhận thẻ.	headquarters
checkout	n.	quầy thanh toán	Express checkout is for guests with no extras.	Thanh toán nhanh cho khách không phát sinh.	reservation
cashier	n.	thu ngân	The cashier can print a duplicate receipt.	Thu ngân có thể in biên lai sao.	invoice
change	n.	tiền thối	The guest asked for change in small bills.	Khách xin thối tiền bằng tờ nhỏ.	invoice
recall	n.	thu hồi sản phẩm	A recall was issued for the faulty charger.	Thu hồi được ban cho bộ sạc lỗi.	inventory
defect	n.	lỗi	Report any defect within 48 hours.	Báo lỗi trong vòng 48 giờ.	inventory
malfunction	n.	trục trặc	A malfunction stopped the ticket machine.	Trục trặc làm dừng máy bán vé.	inventory
breakdown	n.	hỏng máy	A breakdown on the highway delayed the truck.	Hỏng máy trên cao tốc làm chậm xe tải.	shipment
part	n.	phụ tùng	This part is no longer manufactured.	Phụ tùng này không còn được sản xuất.	inventory
patch	n.	bản vá	Install the security patch tonight.	Cài bản vá bảo mật tối nay.	memo
version	n.	phiên bản	Version 3.2 fixes the printing bug.	Phiên bản 3.2 sửa lỗi in.	memo
beta	n.	bản thử	Staff may try the beta on test phones only.	Nhân viên chỉ thử bản beta trên máy test.	memo
rollout	n.	đợt triển khai	The nationwide rollout begins in October.	Đợt triển khai toàn quốc bắt đầu tháng Mười.	headquarters
pilot	n.	thí điểm	A pilot of the new menu runs in two cafés.	Thí điểm thực đơn mới chạy ở hai quán.	complimentary
prototype	n.	nguyên mẫu	The prototype chair is in the showroom.	Ghế nguyên mẫu ở phòng trưng bày.	inventory
mock-up	n.	mô hình thử	The designer sent a mock-up of the flyer.	Nhà thiết kế gửi mô hình thử tờ rơi.	brochure
blueprint	n.	bản thiết kế	The blueprint shows a wider loading dock.	Bản thiết kế cho thấy bến chất hàng rộng hơn.	shipment
specification	n.	thông số	The specification lists the maximum load.	Thông số liệt kê tải tối đa.	inventory
dimension	n.	kích thước	Check the dimension of the crate before shipping.	Kiểm tra kích thước thùng trước khi gửi.	shipment
weight	n.	trọng lượng	The weight limit for this elevator is posted.	Giới hạn trọng lượng thang máy được niêm yết.	occupancy
volume	n.	thể tích / sản lượng	Shipping volume rose in the holiday week.	Sản lượng gửi hàng tăng tuần lễ.	shipment
quantity	n.	số lượng	Write the quantity next to each item.	Ghi số lượng cạnh mỗi mặt hàng.	invoice
unit	n.	đơn vị	The price is 2 dollars per unit.	Giá là 2 đô la mỗi đơn vị.	invoice
dozen	n.	tá	Order two dozen towels for the spa.	Đặt hai tá khăn cho spa.	inventory
gross	n.	tổng trước thuế	The gross amount is printed in bold.	Tổng trước thuế được in đậm.	invoice
net	adj.	ròng	Net pay appears at the bottom of the slip.	Lương ròng ở cuối phiếu.	budget
rebate	n.	hoàn tiền khuyến mãi	Mail the form to claim a 20-dollar rebate.	Gửi mẫu để nhận hoàn 20 đô la khuyến mãi.	invoice
coupon	n.	phiếu giảm giá	This coupon cannot be combined with other offers.	Phiếu này không cộng với ưu đãi khác.	brochure
voucher	n.	phiếu quà tặng	A meal voucher is valid for 90 days.	Phiếu ăn có hiệu lực 90 ngày.	complimentary
gift	n.	quà	A welcome gift waits in every suite.	Quà chào mừng chờ trong mỗi suite.	complimentary
loyalty	n.	lòng trung thành	Loyalty points can be used for a free night.	Điểm trung thành đổi được một đêm miễn phí.	reservation
points	n.	điểm thưởng	500 points equal one breakfast.	500 điểm tương đương một bữa sáng.	complimentary
tier	n.	hạng thành viên	Gold-tier guests get late checkout.	Khách hạng vàng được trả phòng muộn.	reservation
privilege	n.	đặc quyền	Lounge access is a privilege of business class.	Vào lounge là đặc quyền hạng thương gia.	itinerary
perk	n.	quyền lợi thêm	Free parking is a perk for night staff.	Đỗ xe miễn phí là quyền lợi thêm của ca đêm.	employee
incentive	n.	động lực / thưởng khích lệ	A sales incentive is paid each quarter.	Thưởng khích lệ bán hàng trả mỗi quý.	budget
commission	n.	hoa hồng	Agents earn a 5 percent commission.	Đại lý nhận hoa hồng 5 phần trăm.	budget
raise	n.	tăng lương	She received a raise after the review.	Cô ấy được tăng lương sau đánh giá.	employee
cut	n.	cắt giảm	A pay cut was avoided this year.	Năm nay tránh được cắt lương.	budget
freeze	n.	đóng băng (tuyển/lương)	A hiring freeze lasts until March.	Đóng băng tuyển dụng kéo dài đến tháng Ba.	applicant
headcount	n.	số nhân sự	Headcount in accounting grew by two.	Số nhân sự kế toán tăng thêm hai.	employee
attrition	n.	hao hụt nhân sự	Natural attrition will reduce the team by three.	Hao hụt tự nhiên sẽ giảm nhóm đi ba người.	employee
retention	n.	giữ chân nhân sự	Better hours improved staff retention.	Giờ làm tốt hơn giúp giữ chân nhân sự.	employee
morale	n.	sĩ khí	Free lunch lifted morale on Fridays.	Cơm trưa miễn phí nâng sĩ khí thứ Sáu.	employee
burnout	n.	kiệt sức nghề nghiệp	Managers watch for signs of burnout.	Quản lý theo dõi dấu hiệu kiệt sức.	employee
wellness	n.	sức khỏe toàn diện	A wellness talk is offered each month.	Buổi nói về sức khỏe được tổ chức mỗi tháng.	employee
ergonomic	adj.	công thái học	An ergonomic chair is available on request.	Ghế công thái học có khi yêu cầu.	employee
flex	adj.	linh hoạt	Flex hours start between 7 and 10 a.m.	Giờ linh hoạt bắt đầu từ 7 đến 10 giờ sáng.	employee
remote	adj.	từ xa	Remote staff join the call at 9.	Nhân viên từ xa vào cuộc gọi lúc 9 giờ.	employee
hybrid	adj.	kết hợp	Hybrid work means two office days a week.	Làm kết hợp nghĩa là hai ngày ở văn phòng.	employee
carpool	v.	đi chung xe	Staff may carpool to the off-site meeting.	Nhân viên có thể đi chung xe tới họp ngoài.	itinerary
teleconference	n.	họp từ xa	The teleconference ID is in the invite.	Mã họp từ xa nằm trong thư mời.	conference
webinar	n.	hội thảo trực tuyến	The webinar will be recorded.	Hội thảo trực tuyến sẽ được ghi.	conference
livestream	n.	phát trực tiếp	A livestream of the keynote starts at 10.	Phát trực tiếp bài chính bắt đầu lúc 10 giờ.	conference
recording	n.	bản ghi	The recording will stay online for a week.	Bản ghi sẽ ở trực tuyến một tuần.	conference
transcript	n.	bản ghi lời	A transcript is emailed to attendees.	Bản ghi lời được gửi email cho người dự.	conference
slides	n.	slide	Please send the slides by Thursday.	Vui lòng gửi slide trước thứ Năm.	conference
Q&A	n.	hỏi đáp	Q&A follows the 20-minute talk.	Hỏi đáp sau bài nói 20 phút.	conference
